shapeID,name,sol,pop,area_km2,parent,sol_0,growth,abs_change,growth_2dates,period_growth,trend_growth,trend_lo,trend_hi,trend_p,trend_n,z_robust,eligible,z_signal,flag
72390352B32479700182608,Arusha,565.439,342423,1239.52,Arusha,103.249,0.211866,462.19,0.207968,0.211866,0.206954,0.153662,0.275056,5.51146e-06,10,-0.429108,True,-0.429108,within normal range · dans la plage normale
72390352B90906351205470,Arusha Urban,983.141,586144,266.72,Arusha,339.548,0.131723,643.593,0.125386,0.131723,0.123028,0.0971533,0.160873,2.97619e-05,10,-1.18162,True,-1.18162,within normal range · dans la plage normale
72390352B22674606658861,Karatu,143.016,280318,3240.86,Arusha,31.5665,0.18919,111.449,0.182787,0.18919,0.169674,0.0939742,0.257808,0.000946318,10,-0.642032,True,-0.642032,within normal range · dans la plage normale
72390352B95731720096997,Longido,84.0188,160379,8063.46,Arusha,20.8114,0.195405,63.2073,0.167728,0.195405,0.167728,0.122584,0.234155,0.000357694,10,-0.583676,True,-0.583676,within normal range · dans la plage normale
72390352B99598192663387,Meru,323.128,301695,1274.23,Arusha,73.6049,0.18085,249.523,0.178651,0.18085,0.170943,0.0691829,0.264251,0.00221285,10,-0.72034,True,-0.72034,within normal range · dans la plage normale
72390352B11439822404473,Monduli,134.064,224925,6977.49,Arusha,37.8074,0.200212,96.2565,0.151017,0.200212,0.233604,0.0868943,0.299323,0.000357694,10,-0.538533,True,-0.538533,within normal range · dans la plage normale
72390352B42279830137418,Ngorongoro,45.7148,219264,15904.9,Arusha,16.6947,0.145871,29.02,0.118429,0.145871,0.141699,0.0938324,0.186953,0.00011519,10,-1.04877,True,-1.04877,within normal range · dans la plage normale
72390352B40584164885098,Ilala,3896.37,2.08451e+06,363.85,Dar es Salaam,1441.07,0.11034,2455.3,0.116856,0.11034,0.11034,0.0970005,0.118956,5.51146e-07,10,-1.3824,True,-1.3824,within normal range · dans la plage normale
72390352B66429416458525,Kinondoni,6817.03,2.53784e+06,543.542,Dar es Salaam,2607.61,0.110399,4209.41,0.112685,0.110399,0.110399,0.0939753,0.132788,5.51146e-07,10,-1.38184,True,-1.38184,within normal range · dans la plage normale
72390352B94835751472469,Temeke,4282.13,2.16563e+06,723.69,Dar es Salaam,1511.27,0.118705,2770.86,0.122684,0.118705,0.117582,0.102923,0.141061,5.51146e-07,10,-1.30386,True,-1.30386,within normal range · dans la plage normale
72390352B69303654086019,Bahi,190.641,261743,5635.27,Dodoma,5.32446,0.538231,185.317,0.488196,0.538231,0.504092,0.361413,0.620541,2.97619e-05,10,2.63531,True,2.63531,significant gain · hausse significative
72390352B28140161055022,Chamwino,525.241,390321,9142.9,Dodoma,14.5268,0.581071,510.714,0.489814,0.581071,0.536563,0.388317,0.645219,5.51146e-07,10,3.03756,True,3.03756,significant gain · hausse significative
72390352B30961702846084,Chemba,154.413,277720,7280.93,Dodoma,11.0047,0.407734,143.408,0.341085,0.407734,0.34812,0.260697,0.540072,0.00011519,10,1.41,True,1.41,within normal range · dans la plage normale
72390352B24669678050336,Dodoma Urban,4100.21,485394,2598.56,Dodoma,428.175,0.337693,3672.03,0.285347,0.337693,0.321777,0.252417,0.379339,5.51146e-07,10,0.752343,True,0.752343,within normal range · dans la plage normale
72390352B62044183520375,Kondoa,170.925,319602,5795.88,Dodoma,31.3638,0.230681,139.561,0.207313,0.230681,0.197491,0.145975,0.271896,5.51146e-06,10,-0.252444,True,-0.252444,within normal range · dans la plage normale
72390352B66245716936383,Kongwa,291.379,366150,3952.32,Dodoma,31.024,0.327032,260.355,0.28258,0.327032,0.283724,0.218234,0.398569,2.97619e-05,10,0.652242,True,0.652242,within normal range · dans la plage normale
72390352B74757309381442,Mpwapwa,177.451,360932,7453.16,Dodoma,20.1305,0.311084,157.321,0.273576,0.311084,0.291012,0.248003,0.340379,5.51146e-06,10,0.502504,True,0.502504,within normal range · dans la plage normale
72390352B18842274411831,Bukombe,137.078,325762,8053.61,Geita,25.4733,0.237843,111.605,0.205616,0.237843,0.209361,0.160909,0.24613,0.00011519,10,-0.185203,True,-0.185203,within normal range · dans la plage normale
72390352B63706364179884,Chato,198.681,512038,3072.46,Geita,9.84497,0.460814,188.837,0.396348,0.460814,0.308355,0.228597,0.481694,5.51146e-07,10,1.9084,True,1.9084,within normal range · dans la plage normale
72390352B97667671873629,Geita,1238.36,1.16084e+06,4723.18,Geita,310.54,0.182065,927.816,0.166132,0.182065,0.171583,0.144059,0.205104,5.51146e-07,10,-0.708934,True,-0.708934,within normal range · dans la plage normale
72390352B61326482335333,Mbogwe,89.2777,277718,2267.54,Geita,2.33049,0.61523,86.9472,0.499415,0.61523,0.495984,0.359884,0.690152,5.51146e-06,10,3.35829,False,,low initial base · base initiale trop faible
72390352B96686223722654,Nyang'hwale,106.515,213710,1606.72,Geita,4.00478,0.528793,102.51,0.439842,0.528793,0.450321,0.389772,0.582663,2.97619e-05,10,2.54669,False,,low initial base · base initiale trop faible
72390352B92646008536074,Iringa,324.082,262030,18779,Iringa,36.8666,0.296394,287.216,0.273185,0.296394,0.273185,0.223701,0.305237,5.51146e-06,10,0.364565,True,0.364565,within normal range · dans la plage normale
72390352B98765493528957,Iringa Urban,500.325,199371,370.086,Iringa,141.245,0.158794,359.08,0.150883,0.158794,0.157273,0.138357,0.172281,5.51146e-07,10,-0.927436,True,-0.927436,within normal range · dans la plage normale
72390352B38467377597679,Kilolo,162.68,230300,9236.85,Iringa,25.509,0.238641,137.171,0.228583,0.238641,0.222548,0.190216,0.240465,5.51146e-07,10,-0.177708,True,-0.177708,within normal range · dans la plage normale
72390352B55502751216619,Mafinga Township Authority,289.162,57629.6,573.922,Iringa,46.8036,0.221932,242.358,0.22426,0.221932,0.221932,0.192764,0.240318,5.51146e-07,10,-0.334598,True,-0.334598,within normal range · dans la plage normale
72390352B52349151211707,Mufindi,332.396,291874,7503.3,Iringa,50.7572,0.269441,281.639,0.232209,0.269441,0.232143,0.190193,0.270483,5.51146e-06,10,0.111494,True,0.111494,within normal range · dans la plage normale
72390352B49618457772181,Biharamulo,140.19,376870,7461.03,Kagera,73.0071,0.0909751,67.1832,0.0751861,0.0909751,0.0897818,0.0191339,0.170533,0.00914848,10,-1.56422,True,-1.56422,within normal range · dans la plage normale
72390352B68293795880239,Bukoba,87.7415,329778,1612.62,Kagera,15.3539,0.238272,72.3875,0.213695,0.238272,0.227409,0.0904105,0.360314,0.00221285,10,-0.18117,True,-0.18117,within normal range · dans la plage normale
72390352B77165247512892,Bukoba Urban,217.158,147900,82.4228,Kagera,69.7828,0.176068,147.375,0.134438,0.176068,0.14839,0.102943,0.195344,2.97619e-05,10,-0.765237,True,-0.765237,within normal range · dans la plage normale
72390352B65686612592635,Karagwe,119.888,389579,5130.96,Kagera,22.0985,0.249194,97.7898,0.206706,0.249194,0.221746,0.147854,0.284061,0.000357694,10,-0.0786219,True,-0.0786219,within normal range · dans la plage normale
72390352B12398012816015,Kyerwa,70.3785,361942,2506.49,Kagera,1.73629,0.511772,68.6422,0.508851,0.511772,0.437833,0.251065,0.649972,5.51146e-07,10,2.38686,False,,low initial base · base initiale trop faible
72390352B46245922571369,Missenyi,183.79,233817,2833.34,Kagera,47.3397,0.203975,136.45,0.162666,0.203975,0.149229,0.0953831,0.223406,0.00011519,10,-0.503202,True,-0.503202,within normal range · dans la plage normale
72390352B90711717616381,Muleba,199.859,615507,3502.42,Kagera,27.5422,0.295348,172.317,0.246339,0.295348,0.248143,0.159759,0.381503,0.000946318,10,0.354742,True,0.354742,within normal range · dans la plage normale
72390352B68533256720623,Ngara,143.381,370551,3311.13,Kagera,15.7931,0.277982,127.588,0.277754,0.277982,0.260678,0.200938,0.283769,2.97619e-05,10,0.191691,True,0.191691,within normal range · dans la plage normale
72390352B10041948883658,Micheweni,46.2626,113047,235.518,North Pemba,4.56637,0.355482,41.6963,0.293421,0.355482,0.343811,0.256893,0.469945,0.00011519,10,0.91938,True,0.91938,within normal range · dans la plage normale
72390352B34611789685005,Wete,61.2699,104633,291.866,North Pemba,9.62743,0.302625,51.6425,0.228299,0.302625,0.287561,0.165419,0.366228,0.000357694,10,0.423078,True,0.423078,within normal range · dans la plage normale
72390352B77186952625716,Kaskazini A,231.953,118009,231.22,Zanzibar North,50.9451,0.201393,181.008,0.183435,0.201393,0.184507,0.118701,0.260386,5.51146e-06,10,-0.527453,True,-0.527453,within normal range · dans la plage normale
72390352B15073652071238,Kaskazini B,165.581,112380,233.146,Zanzibar North,26.994,0.23043,138.587,0.223283,0.23043,0.223283,0.124869,0.367681,5.51146e-06,10,-0.2548,True,-0.2548,within normal range · dans la plage normale
72390352B12905062635487,Mlele,206.769,364712,29594.6,Katavi,8.10827,0.429668,198.66,0.433125,0.429668,0.418825,0.387768,0.478108,5.51146e-07,10,1.61595,True,1.61595,within normal range · dans la plage normale
72390352B28587760392267,Mpanda,44.736,231591,16949,Katavi,0.813499,0.56087,43.9225,0.56087,,0.658084,0.237246,1.40739,4.96032e-05,8,2.84788,False,,low initial base · base initiale trop faible
72390352B31642859672055,Mpanda Urban,172.779,132115,317.845,Katavi,25.3414,0.229332,147.438,0.237739,0.229332,0.228568,0.201798,0.269685,5.51146e-07,10,-0.265117,True,-0.265117,within normal range · dans la plage normale
72390352B43433883631580,Buhigwe,25.814,305481,1510.2,Kigoma,0,,25.814,,,0.684378,0.427748,0.845028,0.000396825,8,,False,,low initial base · base initiale trop faible
72390352B1364689767312,Kakonko,38.6178,201512,2215.5,Kigoma,0,0.502713,38.6178,,0.502713,0.376948,0.317538,0.478213,5.51146e-06,9,2.30181,False,,low initial base · base initiale trop faible
72390352B21750015500578,Kasulu,34.3388,516359,7202.89,Kigoma,0,,34.3388,,,0.441721,0.215612,0.513117,0.000396825,8,,False,,low initial base · base initiale trop faible
72390352B60593007856017,Kasulu Township Authority,115.467,252186,909.925,Kigoma,20.258,0.199266,95.2093,0.213346,0.199266,0.199266,0.147589,0.223645,5.51146e-06,10,-0.547417,True,-0.547417,within normal range · dans la plage normale
72390352B58332556482444,Kibondo,75.6387,317221,13399.8,Kigoma,9.96375,0.292564,65.6749,0.252603,0.292564,0.248823,0.198175,0.30722,5.51146e-07,10,0.328603,True,0.328603,within normal range · dans la plage normale
72390352B30674118715659,Kigoma,63.3027,255497,970.139,Kigoma,5.21684,0.38986,58.0859,0.319611,0.38986,0.345044,0.247057,0.40808,0.00011519,10,1.24217,True,1.24217,within normal range · dans la plage normale
72390352B17759889395693,Kigoma  Urban,182.509,253315,90.0615,Kigoma,85.9258,0.100606,96.5829,0.0873043,0.100606,0.0956582,0.056808,0.143833,0.000357694,10,-1.47379,True,-1.47379,within normal range · dans la plage normale
72390352B15676475935925,Uvinza,75.7734,460819,10048.7,Kigoma,2.80678,0.517113,72.9666,0.442229,0.517113,0.448232,0.377325,0.670212,0.000357694,10,2.43702,False,,low initial base · base initiale trop faible
72390352B77483544974211,Hai,353.061,257052,909.361,Kilimanjaro,96.9346,0.137974,256.126,0.154448,0.137974,0.140731,0.0681281,0.218843,0.00468695,10,-1.12292,True,-1.12292,within normal range · dans la plage normale
72390352B4446234130359,Moshi,525.91,529395,1347.56,Kilimanjaro,129.794,0.163454,396.116,0.168201,0.163454,0.168201,0.086856,0.264542,0.00011519,10,-0.883682,True,-0.883682,within normal range · dans la plage normale
72390352B76512132105243,Moshi Urban,291.455,220645,62.4716,Kilimanjaro,136.41,0.0699936,155.045,0.0880184,0.0699936,0.071261,0.0184827,0.124947,0.000357694,10,-1.76123,True,-1.76123,within normal range · dans la plage normale
72390352B15719315121224,Mwanga,130.078,146231,1964.56,Kilimanjaro,37.8406,0.147681,92.2375,0.147051,0.147681,0.156795,0.0686709,0.310685,0.00468695,10,-1.03178,True,-1.03178,within normal range · dans la plage normale
72390352B49231532539034,Rombo,102.545,265550,1466.96,Kilimanjaro,14.4113,0.260642,88.1335,0.243627,0.260642,0.220757,0.0863262,0.393627,0.00468695,10,0.0288709,True,0.0288709,within normal range · dans la plage normale
72390352B83063272545753,Same,133.642,326843,6216.1,Kilimanjaro,37.9673,0.167889,95.6746,0.150074,0.167889,0.150717,0.0911781,0.274641,0.000946318,10,-0.842033,True,-0.842033,within normal range · dans la plage normale
72390352B52159147893976,Siha,110.378,137156,1214.06,Kilimanjaro,8.68904,0.363035,101.689,0.326346,0.363035,0.311274,0.203061,0.501369,0.00221285,10,0.990295,True,0.990295,within normal range · dans la plage normale
72390352B74660811526984,Chake Chake,78.8624,107083,220.578,South Pemba,14.6554,0.263291,64.207,0.205613,0.263291,0.264516,0.176649,0.331256,2.97619e-05,10,0.0537445,True,0.0537445,within normal range · dans la plage normale
72390352B13842693360807,Mkoani,28.9739,95347.8,254.155,South Pemba,4.72268,0.267394,24.2512,0.223306,0.267394,0.246288,0.176475,0.337801,2.97619e-05,10,0.0922725,True,0.0922725,within normal range · dans la plage normale
72390352B68738670078554,Kati,294.895,89712.3,516.495,Zanzibar South & Central,23.7319,0.353842,271.163,0.323101,0.353842,0.329674,0.292303,0.39916,5.51146e-07,10,0.903976,True,0.903976,within normal range · dans la plage normale
72390352B36829534131483,Kusini,148.162,42535.9,374.162,Zanzibar South & Central,14.5671,0.321334,133.595,0.293985,0.321334,0.316012,0.221506,0.4521,2.97619e-05,10,0.598739,True,0.598739,within normal range · dans la plage normale
72390352B7880721655308,Kilwa,102.432,198749,14998.8,Lindi,27.8842,0.174015,74.548,0.155544,0.174015,0.160916,0.121111,0.199462,2.97619e-05,10,-0.784516,True,-0.784516,within normal range · dans la plage normale
72390352B7713188541433,Lindi,49.1708,202230,5969.4,Lindi,5.90473,0.349811,43.2661,0.265548,0.349811,0.210927,0.175022,0.366145,2.97619e-05,10,0.866131,True,0.866131,within normal range · dans la plage normale
72390352B58883595926721,Lindi Urban,89.0334,75843.5,1063.46,Lindi,23.9373,0.19951,65.0961,0.157142,0.19951,0.172542,0.136526,0.217635,0.00011519,10,-0.545129,True,-0.545129,within normal range · dans la plage normale
72390352B80391364217442,Liwale,20.935,106640,34291.5,Lindi,2.50557,0.300539,18.4295,0.266021,0.300539,0.273003,0.207239,0.320003,2.97619e-05,10,0.403485,False,,low initial base · base initiale trop faible
72390352B76457855664867,Nachingwea,69.3994,192943,5970.72,Lindi,13.5508,0.26282,55.8486,0.199006,0.26282,0.226584,0.175828,0.273887,0.000357694,10,0.0493262,True,0.0493262,within normal range · dans la plage normale
72390352B35310074637090,Ruangwa,112.583,136658,2524.37,Lindi,5.20448,0.467587,107.378,0.407161,0.467587,0.430046,0.321435,0.519725,5.51146e-07,10,1.97199,True,1.97199,within normal range · dans la plage normale
72390352B12207219772126,Babati,126.915,394633,5555.19,Manyara,19.3259,0.256743,107.59,0.232592,0.256743,0.224739,0.110195,0.343637,0.00468695,10,-0.00774013,True,-0.00774013,within normal range · dans la plage normale
72390352B90089128995390,Babati UrbanBabati Urban,165.931,117814,473.526,Manyara,34.4785,0.202763,131.453,0.190748,0.202763,0.187409,0.123477,0.247454,0.00011519,10,-0.514589,True,-0.514589,within normal range · dans la plage normale
72390352B73734578830609,Hanang,64.2577,351382,3671.68,Manyara,9.41191,0.284945,54.8457,0.237924,0.284945,0.2453,0.180468,0.309998,2.97619e-05,10,0.257071,True,0.257071,within normal range · dans la plage normale
72390352B80776151350042,Kiteto,109.871,356341,13131.1,Manyara,18.9596,0.256179,90.911,0.21558,0.256179,0.209566,0.134775,0.311259,0.000357694,10,-0.0130341,True,-0.0130341,within normal range · dans la plage normale
72390352B2366371930573,Mbulu,111.356,406385,3806.2,Manyara,19.3986,0.242233,91.9577,0.214303,0.242233,0.231351,0.191133,0.263715,5.51146e-06,10,-0.143975,True,-0.143975,within normal range · dans la plage normale
72390352B2790991966076,Simanjiro,236.888,217802,19823.1,Manyara,38.4538,0.264399,198.434,0.223866,0.264399,0.240388,0.163543,0.332528,0.000357694,10,0.0641457,True,0.0641457,within normal range · dans la plage normale
72390352B35806479810351,Bunda,211.617,404838,3099.14,Mara,39.4068,0.219196,172.21,0.205338,0.219196,0.200777,0.149367,0.278847,2.97619e-05,10,-0.360285,True,-0.360285,within normal range · dans la plage normale
72390352B35299561044003,Butiam,139.931,292209,2173.41,Mara,12.2908,0.391861,127.64,0.310299,0.391861,0.318939,0.25386,0.427115,5.51146e-06,10,1.26096,True,1.26096,within normal range · dans la plage normale
72390352B7456768278221,Musoma,33.7151,210133,1069.23,Mara,2.28605,0.328518,31.4291,0.348528,0.328518,0.343863,0.243261,0.415039,0.00011519,10,0.666197,False,,low initial base · base initiale trop faible
72390352B68648514157418,Musoma Urban,147.314,155837,64.5422,Mara,58.4193,0.13269,88.8948,0.108235,0.13269,0.108797,0.0936969,0.134573,0.00011519,10,-1.17254,True,-1.17254,within normal range · dans la plage normale
72390352B17164070988815,Rorya,61.3177,304740,2003.97,Mara,5.6741,0.383409,55.6436,0.30273,0.383409,0.328579,0.242045,0.420536,2.97619e-05,10,1.1816,True,1.1816,within normal range · dans la plage normale
72390352B48676394939092,Serengeti,136.712,328708,11152.9,Mara,18.9072,0.280165,117.805,0.245847,0.280165,0.245847,0.179291,0.328048,2.97619e-05,10,0.212188,True,0.212188,within normal range · dans la plage normale
72390352B9041864776563,Tarime,572.84,392362,1539.17,Mara,297.143,0.0798061,275.697,0.0756578,0.0798061,0.0642309,0.0284723,0.106587,0.000946318,10,-1.66909,True,-1.66909,within normal range · dans la plage normale
72390352B92011686492741,Chunya,464.023,205910,17498.3,Mbeya,36.7174,0.367112,427.306,0.325585,0.367112,0.346346,0.293566,0.396039,5.51146e-06,10,1.02858,True,1.02858,within normal range · dans la plage normale
72390352B41643980878870,Kyela,125.161,272073,757.226,Mbeya,17.6795,0.19184,107.481,0.242923,0.19184,0.204831,0.171689,0.2451,5.51146e-07,10,-0.617142,True,-0.617142,within normal range · dans la plage normale
72390352B36245556910711,Mbarali,345.637,364219,14432.1,Mbeya,45.141,0.268446,300.496,0.253798,0.268446,0.253798,0.184761,0.278149,5.51146e-06,10,0.10215,True,0.10215,within normal range · dans la plage normale
72390352B82808491826054,Mbeya,367.534,351353,2816.23,Mbeya,64.5337,0.203562,303,0.213237,0.203562,0.203562,0.181664,0.240782,5.51146e-07,10,-0.50708,True,-0.50708,within normal range · dans la plage normale
72390352B25057310038558,Mbeya Urban,906.435,514973,253.19,Mbeya,230.259,0.168454,676.176,0.16446,0.168454,0.162538,0.129551,0.192766,5.51146e-07,10,-0.836727,True,-0.836727,within normal range · dans la plage normale
72390352B86695961679763,Rungwe,139.869,367768,2152.07,Mbeya,21.5296,0.223148,118.339,0.231114,0.223148,0.206688,0.163138,0.245094,5.51146e-07,10,-0.323178,True,-0.323178,within normal range · dans la plage normale
72390352B70436774950451,Magharibi,1103.43,539395,215.288,Zanzibar Urban/West,231.096,0.208951,872.338,0.189705,0.208951,0.202035,0.173878,0.227096,5.51146e-07,10,-0.45648,True,-0.45648,within normal range · dans la plage normale
72390352B88201413510937,Mjini,184.803,280590,15.8009,Zanzibar Urban/West,72.9415,0.120928,111.862,0.108816,0.120928,0.113445,0.0901179,0.14791,2.97619e-05,10,-1.28298,True,-1.28298,within normal range · dans la plage normale
72390352B71030681800047,Gairo,98.4228,236147,1975.95,Morogoro,9.98291,0.313567,88.4399,0.289515,0.313567,0.289515,0.20971,0.422171,5.51146e-06,10,0.525818,True,0.525818,within normal range · dans la plage normale
72390352B25590445201102,Kilombero,389.976,493396,13547.5,Morogoro,90.4835,0.18027,299.493,0.176242,0.18027,0.17615,0.134961,0.217739,2.97619e-05,10,-0.72578,True,-0.72578,within normal range · dans la plage normale
72390352B53131574128845,Kilosa,331.208,538593,11771,Morogoro,67.6859,0.205037,263.522,0.192951,0.205037,0.192951,0.161831,0.236434,5.51146e-07,10,-0.493229,True,-0.493229,within normal range · dans la plage normale
72390352B24110633153516,Morogoro,277.701,309933,12429.6,Morogoro,38.7356,0.264328,238.965,0.244663,0.264328,0.253934,0.188556,0.324947,5.51146e-06,10,0.0634838,True,0.0634838,within normal range · dans la plage normale
72390352B88942039906388,Morogoro Urban,746.773,401841,289.991,Morogoro,260.035,0.134941,486.737,0.124362,0.134941,0.133361,0.118006,0.141719,5.51146e-07,10,-1.15141,True,-1.15141,within normal range · dans la plage normale
72390352B62121337619186,Mvomero,248.747,367842,6635.62,Morogoro,33.37,0.229354,215.377,0.250068,0.229354,0.237818,0.205075,0.277817,5.51146e-07,10,-0.264905,True,-0.264905,within normal range · dans la plage normale
72390352B93515871634078,Ulanga,121.306,344499,23446.7,Morogoro,14.0787,0.283252,107.228,0.270354,0.283252,0.268154,0.211889,0.329672,0.00011519,10,0.24117,True,0.24117,within normal range · dans la plage normale
72390352B56058142056871,Masasi,67.8091,274689,3998.43,Mtwara,7.57764,0.327508,60.2315,0.275706,0.327508,0.283307,0.19226,0.345642,5.51146e-06,10,0.65671,True,0.65671,within normal range · dans la plage normale
72390352B27431607141265,Masasi  Township Authority,131.943,113301,754.394,Mtwara,31.7065,0.194591,100.237,0.171667,0.194591,0.185495,0.13146,0.219147,5.51146e-07,10,-0.59132,True,-0.59132,within normal range · dans la plage normale
72390352B92435052932896,Mtwara,217.175,237834,3689.08,Mtwara,145.108,0.0292026,72.0662,0.0458211,0.0292026,0.0440416,0.00575489,0.0904257,0.0166661,10,-2.14424,True,-2.14424,within normal range · dans la plage normale
72390352B87015028421250,Mtwara Urban,324.288,121388,171.021,Mtwara,186.7,0.0703551,137.588,0.0632683,0.0703551,0.0709513,0.0373697,0.0916321,2.97619e-05,10,-1.75783,True,-1.75783,within normal range · dans la plage normale
72390352B85678020314776,Nanyumbu,36.6339,167598,5201.39,Mtwara,4.63747,0.296405,31.9965,0.258154,0.296405,0.280883,0.185795,0.338776,0.00011519,10,0.364667,True,0.364667,within normal range · dans la plage normale
72390352B96178710336492,Newala,54.8705,225179,1956.82,Mtwara,12.8039,0.231077,42.0666,0.175498,0.231077,0.198436,0.153008,0.257724,0.00011519,10,-0.248727,True,-0.248727,within normal range · dans la plage normale
72390352B76468761426294,Tandahimba,88.8746,248305,2051.51,Mtwara,9.16555,0.335474,79.709,0.287136,0.335474,0.213332,0.139562,0.356111,2.97619e-05,10,0.731509,True,0.731509,within normal range · dans la plage normale
72390352B90588253427027,Ilemela,853.114,398730,256.038,Mwanza,228.584,0.18516,624.53,0.157581,0.18516,0.166832,0.144015,0.201393,5.51146e-06,10,-0.679867,True,-0.679867,within normal range · dans la plage normale
72390352B45509194301574,Kwimba,111.046,396652,3250.43,Mwanza,15.1593,0.317747,95.8863,0.247646,0.317747,0.287647,0.207607,0.382547,0.000357694,10,0.565059,True,0.565059,within normal range · dans la plage normale
72390352B80484439449184,Magu,329.122,293069,1516.19,Mwanza,28.8122,0.367046,300.309,0.310784,0.367046,0.330479,0.280258,0.380357,5.51146e-06,10,1.02796,True,1.02796,within normal range · dans la plage normale
72390352B3687042598615,Misungwi,293.829,451465,2585.15,Mwanza,25.8895,0.371662,267.94,0.309842,0.371662,0.326598,0.27839,0.390249,5.51146e-06,10,1.0713,True,1.0713,within normal range · dans la plage normale
72390352B17873975087440,Nyamagana,897.719,568774,187.544,Mwanza,269.45,0.17787,628.268,0.143072,0.17787,0.158041,0.138499,0.190625,5.51146e-07,10,-0.748321,True,-0.748321,within normal range · dans la plage normale
72390352B95612948822264,Sengerema,197.727,806965,3153.48,Mwanza,32.8212,0.246959,164.906,0.220835,0.246959,0.218705,0.182725,0.261522,2.97619e-05,10,-0.099601,True,-0.099601,within normal range · dans la plage normale
72390352B65036310172855,Ukerewe,33.1734,396038,625.402,Mwanza,3.93465,0.31938,29.2388,0.26729,0.31938,0.271069,0.197302,0.315048,5.51146e-07,10,0.580391,False,,low initial base · base initiale trop faible
72390352B43391507115191,Ludewa,61.5301,137216,5952.23,Njombe,5.50605,0.31452,56.024,0.307591,0.31452,0.31113,0.252644,0.367754,5.51146e-06,10,0.534764,True,0.534764,within normal range · dans la plage normale
72390352B34261430797900,Makambako Township Authority,230.237,103174,878.302,Njombe,37.3372,0.262741,192.9,0.224,0.262741,0.237675,0.223751,0.258283,5.51146e-07,10,0.0485803,True,0.0485803,within normal range · dans la plage normale
72390352B51873582002434,Makete,54.1605,93048.6,3997.32,Njombe,5.2741,0.335336,48.8864,0.295367,0.335336,0.262443,0.190437,0.360135,5.51146e-06,10,0.730218,True,0.730218,within normal range · dans la plage normale
72390352B62498272724852,Njombe,52.7529,94675.2,3456.11,Njombe,2.34734,0.472839,50.4056,0.413141,0.472839,0.418687,0.393901,0.497508,5.51146e-07,10,2.02131,False,,low initial base · base initiale trop faible
72390352B92677179016540,Njombe Urban,228.79,143721,3527.68,Njombe,38.4828,0.228223,190.307,0.219043,0.228223,0.213494,0.191863,0.237317,5.51146e-07,10,-0.27553,True,-0.27553,within normal range · dans la plage normale
72390352B33528420406675,Wanging'ombe,128.572,177079,3445.11,Njombe,5.15597,0.446186,123.416,0.429565,0.446186,0.410208,0.327581,0.487201,5.51146e-06,10,1.77105,True,1.77105,within normal range · dans la plage normale
72390352B29680200356010,Bagamoyo,1162.57,391483,8467.89,Pwani,161.319,0.279227,1001.25,0.245385,0.279227,0.256052,0.221515,0.279227,5.51146e-06,10,0.203379,True,0.203379,within normal range · dans la plage normale
72390352B76192804660906,Kibaha,295.499,98022.9,1510.98,Pwani,23.1643,0.356692,272.334,0.326965,0.356692,0.326965,0.223492,0.358521,0.00011519,10,0.930742,True,0.930742,within normal range · dans la plage normale
72390352B56720706839933,Kibaha Urban,1041.02,175748,704.389,Pwani,167.218,0.218457,873.805,0.225299,0.218457,0.221619,0.189598,0.255141,5.51146e-07,10,-0.367228,True,-0.367228,within normal range · dans la plage normale
72390352B52983476562666,Kisarawe,300.277,109316,5026.75,Pwani,43.7126,0.259593,256.565,0.23877,0.259593,0.241511,0.21828,0.276344,5.51146e-07,10,0.0190257,True,0.0190257,within normal range · dans la plage normale
72390352B74532147136856,Mafia,47.8824,46951.4,630.712,Pwani,9.2692,0.181204,38.6132,0.200154,0.181204,0.172004,0.0978896,0.231039,5.51146e-06,10,-0.717016,True,-0.717016,within normal range · dans la plage normale
72390352B89793068246762,Mkuranga,1158.28,274652,2836.73,Pwani,110.183,0.293963,1048.1,0.298741,0.293963,0.293653,0.259581,0.315859,5.51146e-07,10,0.341743,True,0.341743,within normal range · dans la plage normale
72390352B25336426084217,Rufiji,461.505,219772,12737,Pwani,19.0203,0.619545,442.484,0.425228,0.619545,0.617263,0.290548,0.858339,0.000946318,10,3.39881,True,3.39881,significant gain · hausse significative
72390352B91916326383066,Kalambo,62.5653,267163,5574.7,Rukwa,0.513956,0.650109,62.0514,0.704951,0.650109,0.581029,0.301109,0.72118,0.00011519,10,3.68579,False,,low initial base · base initiale trop faible
72390352B34861075189695,Nkasi,75.5147,355821,9824.1,Rukwa,5.1954,0.267828,70.3193,0.346347,0.267828,0.282184,0.22309,0.35314,2.97619e-05,10,0.0963462,True,0.0963462,within normal range · dans la plage normale
72390352B27717411944051,Sumbawanga,93.6948,395021,5144.41,Rukwa,5.26315,0.436695,88.4317,0.377023,0.436695,0.377023,0.293452,0.528455,5.51146e-06,10,1.68193,True,1.68193,within normal range · dans la plage normale
72390352B60773938386935,Sumbawanga Urban,249.997,278464,1372.24,Rukwa,61.8244,0.18595,188.172,0.167937,0.18595,0.166375,0.143715,0.197036,5.51146e-06,10,-0.672447,True,-0.672447,within normal range · dans la plage normale
72390352B96762734199587,Mbinga,219.688,418861,4845.76,Ruvuma,28.2472,0.248918,191.441,0.255975,0.248918,0.248918,0.175234,0.319072,2.97619e-05,10,-0.0812068,True,-0.0812068,within normal range · dans la plage normale
72390352B4837835329020,Namtumbo,50.6466,224931,21750.5,Ruvuma,6.57962,0.328031,44.067,0.254536,0.328031,0.290045,0.229514,0.396269,5.51146e-06,10,0.661628,True,0.661628,within normal range · dans la plage normale
72390352B51604936414420,Nyasa,23.0916,171844,3051.34,Ruvuma,0,0.31477,23.0916,,0.31477,0.241464,0.0929479,0.49088,0.00242504,9,0.537112,False,,low initial base · base initiale trop faible
72390352B68324313293973,Songea,118.744,186336,14039.2,Ruvuma,11.6515,0.328258,107.093,0.294272,0.328258,0.31331,0.244951,0.398853,5.51146e-06,10,0.663755,True,0.663755,within normal range · dans la plage normale
72390352B83796809810419,Songea Urban,308.236,289464,580.833,Ruvuma,81.0188,0.185858,227.217,0.160052,0.185858,0.168865,0.151247,0.185858,5.51146e-07,10,-0.67332,True,-0.67332,within normal range · dans la plage normale
72390352B58168894275482,Tunduru,100.19,342411,18402.7,Ruvuma,26.7171,0.121516,73.4731,0.158195,0.121516,0.130996,0.095477,0.176022,5.51146e-06,10,-1.27745,True,-1.27745,within normal range · dans la plage normale
72390352B22692962057204,Kahama,419.944,640864,6753.07,Shinyanga,124.077,0.185608,295.867,0.145074,0.185608,0.145859,0.0530743,0.229978,0.000946318,10,-0.675662,True,-0.675662,within normal range · dans la plage normale
72390352B16659808480234,Kahama Township Authority,585.877,297665,1369.66,Shinyanga,250.364,0.10458,335.513,0.0990718,0.10458,0.0990718,0.0594859,0.141009,5.51146e-06,10,-1.43648,True,-1.43648,within normal range · dans la plage normale
72390352B32869277898143,Kishapu,198.673,303165,4176.11,Shinyanga,110.494,0.0768721,88.179,0.0673603,0.0768721,0.0669489,-0.00389943,0.116512,0.0725502,10,-1.69664,True,-1.69664,within normal range · dans la plage normale
72390352B3732768371218,Shinyanga,148.489,389089,3572.69,Shinyanga,10.2057,0.418901,138.283,0.346498,0.418901,0.363408,0.289699,0.503523,0.00011519,10,1.51485,True,1.51485,within normal range · dans la plage normale
72390352B93356288072561,Shinyanga Urban,404.928,187551,555.139,Shinyanga,128.812,0.172939,276.117,0.135715,0.172939,0.149784,0.126048,0.179133,5.51146e-06,10,-0.794615,True,-0.794615,within normal range · dans la plage normale
72390352B92057106188413,Bariadi,173.35,601013,5491.41,Simiyu,27.8386,0.277726,145.512,0.22533,0.277726,0.242953,0.18595,0.328312,0.00011519,10,0.189282,True,0.189282,within normal range · dans la plage normale
72390352B70559618037175,Busega,84.4416,284019,1324.91,Simiyu,5.32325,0.466224,79.1184,0.359488,0.466224,0.400697,0.325565,0.48707,5.51146e-06,10,1.9592,True,1.9592,within normal range · dans la plage normale
72390352B56378812232391,Itilima,36.8934,446121,4680.62,Simiyu,0.279783,0.937699,36.6136,0.720163,0.937699,0.544813,0.240462,1.16633,0.00011519,10,6.38613,False,,low initial base · base initiale trop faible
72390352B27931879401730,Maswa,90.4785,381150,3666.41,Simiyu,14.9968,0.258391,75.4816,0.221033,0.258391,0.223363,0.126982,0.32773,0.000946318,10,0.00774013,True,0.00774013,within normal range · dans la plage normale
72390352B64411652351957,Meatu,54.3936,351284,9030.6,Simiyu,9.03671,0.274416,45.3569,0.220718,0.274416,0.228953,0.169744,0.282155,2.97619e-05,10,0.158208,True,0.158208,within normal range · dans la plage normale
72390352B5494870713744,Ikungi,188.478,326970,8851.44,Singida,7.55719,0.521705,180.921,0.429589,0.521705,0.449683,0.328394,0.587595,5.51146e-06,10,2.48014,True,2.48014,within normal range · dans la plage normale
72390352B66961871173396,Iramba,155.513,265333,4520.85,Singida,21.8258,0.289345,133.687,0.243813,0.289345,0.249031,0.201239,0.31212,5.51146e-06,10,0.298385,True,0.298385,within normal range · dans la plage normale
72390352B73180368039512,Manyoni,308.736,400384,28927.7,Singida,47.6288,0.283579,261.107,0.230809,0.283579,0.236365,0.160884,0.321807,2.97619e-05,10,0.244245,True,0.244245,within normal range · dans la plage normale
72390352B53166842903656,Mkalama,78.2899,209549,3115.55,Singida,4.27071,0.46924,74.0192,0.381517,0.46924,0.399307,0.262753,0.456607,5.51146e-06,10,1.98751,False,,low initial base · base initiale trop faible
72390352B6504298719524,Singida,54.9808,269963,2400.6,Singida,4.55525,0.382536,50.4256,0.31883,0.382536,0.3449,0.292913,0.39387,5.51146e-06,10,1.1734,True,1.1734,within normal range · dans la plage normale
72390352B67063144918279,Singida Urban,481.055,185829,717.588,Singida,140.409,0.175255,340.647,0.146628,0.175255,0.170763,0.107734,0.213705,5.51146e-06,10,-0.772873,True,-0.772873,within normal range · dans la plage normale
72390352B17520994539919,Ileje,46.5254,138187,1880.47,Mbeya,4.27787,0.334041,42.2475,0.303654,0.334041,0.285926,0.22165,0.35726,5.51146e-07,10,0.718057,True,0.718057,within normal range · dans la plage normale
72390352B44769786141856,Mbozi,299.898,596890,3854.13,Mbeya,33.3512,0.290601,266.547,0.276394,0.290601,0.274092,0.240486,0.310933,5.51146e-07,10,0.310178,True,0.310178,within normal range · dans la plage normale
72390352B95240342657452,Momba,187.206,264791,4706.5,Mbeya,8.81338,0.420685,178.393,0.404314,0.420685,0.371132,0.32725,0.421205,5.51146e-07,10,1.5316,True,1.5316,within normal range · dans la plage normale
72390352B69788666323478,Songwe,212.681,174984,11165.5,Mbeya,40.8578,0.220435,171.823,0.201174,0.220435,0.201174,0.159714,0.275824,5.51146e-06,10,-0.348656,True,-0.348656,within normal range · dans la plage normale
72390352B1593050996578,Tunduma,242.135,119752,87.2424,Mbeya,63.3165,0.178506,178.818,0.160718,0.178506,0.162522,0.155781,0.178093,5.51146e-07,10,-0.74235,True,-0.74235,within normal range · dans la plage normale
72390352B54001884070734,Igunga,185.52,473389,7060.88,Tabora,22.3278,0.32812,163.192,0.265237,0.32812,0.291144,0.228101,0.339653,5.51146e-06,10,0.662457,True,0.662457,within normal range · dans la plage normale
72390352B29601163251764,Kaliua,103.438,567339,15332.4,Tabora,22.7616,0.223825,80.6762,0.183186,0.223825,0.254744,0.130181,0.370186,0.00221285,10,-0.316827,True,-0.316827,within normal range · dans la plage normale
72390352B4567455644907,Nzega,263.777,585737,7854.76,Tabora,59.417,0.197895,204.36,0.180117,0.197895,0.221076,0.162247,0.247036,2.97619e-05,10,-0.560292,True,-0.560292,within normal range · dans la plage normale
72390352B96655451787370,Sikonge,99.9575,230129,26298.4,Tabora,7.8535,0.351776,92.104,0.326631,0.351776,0.314573,0.256204,0.351776,5.51146e-06,10,0.884578,True,0.884578,within normal range · dans la plage normale
72390352B61754038708822,Tabora Urban,459.604,264479,1465.5,Tabora,133.204,0.167833,326.4,0.147527,0.167833,0.145879,0.0901907,0.203417,5.51146e-07,10,-0.842565,True,-0.842565,within normal range · dans la plage normale
72390352B58709749757029,Urambo,70.964,279679,5417.24,Tabora,18.6407,0.181024,52.3233,0.160134,0.181024,0.174736,0.117466,0.252622,0.000357694,10,-0.718709,True,-0.718709,within normal range · dans la plage normale
72390352B28683809474818,Uyui,94.0639,524118,11979.2,Tabora,1.66115,0.657223,92.4027,0.565955,0.657223,0.440111,0.280977,0.83803,5.51146e-06,10,3.75259,False,,low initial base · base initiale trop faible
72390352B54290670955979,Handeni,85.0765,369373,6541.69,Tanga,9.95359,0.250005,75.1229,0.269219,0.250005,0.252477,0.152254,0.359467,0.000357694,10,-0.0710012,True,-0.0710012,within normal range · dans la plage normale
72390352B73978463558570,Handeni Mji,45.8494,104990,836.503,Tanga,13.7062,0.14664,32.1432,0.143585,0.14664,0.14664,0.0842977,0.215693,0.00011519,10,-1.04156,True,-1.04156,within normal range · dans la plage normale
72390352B98761165374808,Kilindi,48.6501,350924,6419.63,Tanga,4.36439,0.346938,44.2857,0.307227,0.346938,0.307227,0.1861,0.462919,0.000946318,10,0.839149,True,0.839149,within normal range · dans la plage normale
72390352B3133588656991,Korogwe,137.077,278005,3200.5,Tanga,48.3492,0.136304,88.7281,0.122758,0.136304,0.163672,0.042083,0.270255,0.0286095,10,-1.1386,True,-1.1386,within normal range · dans la plage normale
72390352B41893572728253,Korogwe Township Authority,117.838,79399.9,222.588,Tanga,27.5984,0.18247,90.2397,0.175018,0.18247,0.176126,0.146952,0.208052,2.97619e-05,10,-0.705124,True,-0.705124,within normal range · dans la plage normale
72390352B30242417713864,Lushoto,129.882,558811,4092.38,Tanga,22.1845,0.255298,107.698,0.216964,0.255298,0.221673,0.146777,0.316249,0.000357694,10,-0.0213094,True,-0.0213094,within normal range · dans la plage normale
72390352B38372573514065,Mkinga,69.6469,123548,2702.41,Tanga,13.8763,0.161832,55.7706,0.196321,0.161832,0.169872,0.0960424,0.310431,0.00221285,10,-0.898907,True,-0.898907,within normal range · dans la plage normale
72390352B38576032693201,Muheza,135.031,229740,1496.73,Tanga,33.2648,0.204815,101.766,0.168437,0.204815,0.180641,0.143231,0.243626,0.00011519,10,-0.495315,True,-0.495315,within normal range · dans la plage normale
72390352B29030119078393,Pangani,36.5991,61787.4,1758.67,Tanga,6.79722,0.230837,29.8018,0.205695,0.230837,0.212111,0.185312,0.269587,0.00011519,10,-0.250979,True,-0.250979,within normal range · dans la plage normale
72390352B10610893489740,Tanga Urban,694.568,286409,597.568,Tanga,252.269,0.126576,442.299,0.119109,0.126576,0.129797,0.0654477,0.169892,2.97619e-05,10,-1.22995,True,-1.22995,within normal range · dans la plage normale
