coverage,date,name,sol,month,year,expected,resid,z
0.997679,2021-01-01,Arusha,28779.6,1,2021,36994.6,-0.22206,-0.943504
0.973678,2021-02-01,Arusha,41745,2,2021,54797.7,-0.238197,-1.00195
0.999609,2021-03-01,Arusha,66218.1,3,2021,58542.7,0.131107,0.335626
0.956347,2021-04-01,Arusha,62415.8,4,2021,76384.1,-0.182869,-0.80156
0.99859,2021-05-01,Arusha,62640.4,5,2021,57805.7,0.0836377,0.163697
0.999867,2021-06-01,Arusha,31899.8,6,2021,48735.1,-0.345445,-1.39039
0.999923,2021-07-01,Arusha,37934.4,7,2021,55352.9,-0.314681,-1.27897
0.99977,2021-08-01,Arusha,66465.4,8,2021,59014.1,0.126264,0.318083
0.99711,2021-09-01,Arusha,60805.2,9,2021,72857.8,-0.165426,-0.738383
1,2021-10-01,Arusha,57762,10,2021,65890.9,-0.123369,-0.586057
0.999917,2021-11-01,Arusha,49943,11,2021,67582.3,-0.261005,-1.08456
0.999446,2021-12-01,Arusha,54768.2,12,2021,50252.2,0.0898678,0.186262
0.999738,2022-01-01,Arusha,34414.1,1,2022,34177.3,0.00693079,-0.114127
0.999436,2022-02-01,Arusha,46393.8,2,2022,53248.1,-0.128723,-0.605451
0.999941,2022-03-01,Arusha,47474.2,3,2022,64790.7,-0.267269,-1.10724
0.999389,2022-04-01,Arusha,64502.8,4,2022,75688.5,-0.147785,-0.674491
0.995256,2022-05-01,Arusha,51608.7,5,2022,61482.9,-0.160602,-0.72091
0.9997,2022-06-01,Arusha,46893,6,2022,43737.4,0.0721493,0.122087
0.919484,2022-07-01,Arusha,37806.2,7,2022,55395.6,-0.317523,-1.28926
0.999987,2022-08-01,Arusha,57670.3,8,2022,61945.8,-0.0690208,-0.389214
0.999706,2022-09-01,Arusha,72735.8,9,2022,68880.9,0.0559651,0.0634702
0.999335,2022-10-01,Arusha,73282.3,10,2022,60717.5,0.206937,0.610274
0.991673,2022-11-01,Arusha,54875.1,11,2022,65938.2,-0.16778,-0.746909
0.998647,2022-12-01,Arusha,44411.5,12,2022,53704.4,-0.173038,-0.765952
0.999981,2023-01-01,Arusha,39575,1,2023,31596.8,0.252498,0.775288
0.994929,2023-02-01,Arusha,53006.2,2,2023,51044,0.0384411,0
0.975074,2023-03-01,Arusha,76039.4,3,2023,55269,0.375807,1.2219
0.959706,2023-04-01,Arusha,89569.4,4,2023,67333,0.330246,1.05688
0.999066,2023-05-01,Arusha,55391.2,5,2023,60222.1,-0.080218,-0.429769
0.99985,2023-06-01,Arusha,45948.5,6,2023,44052.2,0.043047,0.0166822
1,2023-07-01,Arusha,57205.1,7,2023,48929.3,0.169138,0.473369
1,2023-08-01,Arusha,47046.3,8,2023,65487.1,-0.281595,-1.15913
0.999987,2023-09-01,Arusha,66297,9,2023,71027.2,-0.0665968,-0.380435
0.999501,2023-10-01,Arusha,56337.4,10,2023,66365.8,-0.151109,-0.686528
0.958224,2023-11-01,Arusha,69970.4,11,2023,60906.5,0.148818,0.399772
0.996193,2023-12-01,Arusha,52218.3,12,2023,51102.1,0.0218423,-0.0601186
0.99883,2024-02-01,Arusha,64993.1,2,2024,47048.3,0.381411,1.2422
0.999137,2024-03-01,Arusha,52114.6,3,2024,63243.9,-0.175974,-0.776587
0.850732,2024-04-01,Arusha,75080.2,4,2024,72162.7,0.0404296,0.00720233
0.98621,2024-05-01,Arusha,66417.2,5,2024,56546.8,0.174554,0.492984
1,2024-06-04,Arusha,53363.8,6,2024,41580.4,0.283388,0.887168
0.99541,2024-07-01,Arusha,71047.3,7,2024,44315.2,0.603226,2.04559
1,2024-08-01,Arusha,72325.7,8,2024,57060.7,0.267523,0.829707
0.999987,2024-09-01,Arusha,79540.5,9,2024,66612.7,0.194075,0.563687
0.999974,2024-10-01,Arusha,68053.2,10,2024,62460.6,0.0895387,0.18507
0.994278,2024-11-01,Arusha,77901.3,11,2024,58262.8,0.337067,1.08159
0.99945,2024-12-01,Arusha,54126.7,12,2024,50466,0.0725372,0.123492
1,2021-01-01,Dar es Salaam,32588.3,1,2021,45340.9,-0.28126,-0.954225
0.999997,2021-02-01,Dar es Salaam,29488,2,2021,47937.1,-0.384861,-1.31996
1,2021-03-01,Dar es Salaam,38276.4,3,2021,48009.1,-0.202725,-0.676984
1,2021-04-01,Dar es Salaam,35191.7,4,2021,50425,-0.302098,-1.02779
1,2021-05-01,Dar es Salaam,39024.5,5,2021,53562.7,-0.271424,-0.919504
1,2021-06-01,Dar es Salaam,41011.2,6,2021,55123.2,-0.256009,-0.865085
1,2021-07-01,Dar es Salaam,40146.5,7,2021,50310.1,-0.202019,-0.674491
1,2021-08-01,Dar es Salaam,44194.8,8,2021,52025.3,-0.150513,-0.492667
1,2021-09-01,Dar es Salaam,46108.8,9,2021,55974.8,-0.176257,-0.583548
1,2021-10-01,Dar es Salaam,43558.8,10,2021,55330,-0.212745,-0.712355
1,2021-11-01,Dar es Salaam,42857.2,11,2021,54457.8,-0.213021,-0.713328
1,2021-12-01,Dar es Salaam,42256.3,12,2021,51338.1,-0.176901,-0.585821
1,2022-01-01,Dar es Salaam,40788.9,1,2022,41240.6,-0.0109544,0
0.999705,2022-02-01,Dar es Salaam,40754.8,2,2022,44181.5,-0.0775581,-0.235123
1,2022-03-01,Dar es Salaam,39725.8,3,2022,47526,-0.164125,-0.540718
1,2022-04-01,Dar es Salaam,42908,4,2022,47852.8,-0.103334,-0.326116
1,2022-05-01,Dar es Salaam,43825.6,5,2022,51962.4,-0.156589,-0.514114
1,2022-06-01,Dar es Salaam,48930.9,6,2022,52483.3,-0.0676873,-0.200277
0.99986,2022-07-01,Dar es Salaam,33882.3,7,2022,52398.2,-0.353369,-1.20878
1,2022-08-01,Dar es Salaam,42588,8,2022,52560.9,-0.18974,-0.631145
1,2022-09-01,Dar es Salaam,48053.8,9,2022,55326.5,-0.131451,-0.425372
1,2022-10-01,Dar es Salaam,50668.5,10,2022,52960.1,-0.0432703,-0.114081
1,2022-11-01,Dar es Salaam,43773.6,11,2022,54152.4,-0.191659,-0.637919
1,2022-12-01,Dar es Salaam,46362.8,12,2022,49969.3,-0.0721747,-0.216118
1,2023-01-01,Dar es Salaam,49892.9,1,2023,36688.6,0.359903,1.30919
1,2023-02-01,Dar es Salaam,49196.7,2,2023,41367.5,0.189259,0.706787
1,2023-03-01,Dar es Salaam,53326,3,2023,42992.6,0.240353,0.887157
0.994912,2023-04-01,Dar es Salaam,53044.5,4,2023,44474,0.192709,0.718966
1,2023-05-01,Dar es Salaam,53332.2,5,2023,48793.5,0.0930172,0.367038
1,2023-06-01,Dar es Salaam,53583.1,6,2023,50932.6,0.0520386,0.222376
1,2023-07-01,Dar es Salaam,53869.4,7,2023,45735.8,0.177838,0.666469
1,2023-08-01,Dar es Salaam,55433.2,8,2023,48279.1,0.148182,0.56178
1,2023-09-01,Dar es Salaam,58517.5,9,2023,51838.5,0.128842,0.493507
1,2023-10-01,Dar es Salaam,53164.1,10,2023,52128.2,0.0198727,0.108825
1,2023-11-01,Dar es Salaam,53129.3,11,2023,51033.8,0.0410619,0.183627
1,2023-12-01,Dar es Salaam,49268.4,12,2023,49000.8,0.00546219,0.0579534
1,2024-02-01,Dar es Salaam,53859.8,2,2024,39813.2,0.352813,1.28416
1,2024-03-01,Dar es Salaam,50975.5,3,2024,43776.1,0.164461,0.619247
1,2024-04-01,Dar es Salaam,55322.3,4,2024,43714.7,0.26553,0.976039
1,2024-05-01,Dar es Salaam,63530.4,5,2024,45394.1,0.39953,1.44908
1,2024-06-04,Dar es Salaam,62855.7,6,2024,47841.7,0.313827,1.14654
1,2024-07-01,Dar es Salaam,63178.6,7,2024,42632.7,0.481929,1.73996
1,2024-08-01,Dar es Salaam,58054.6,8,2024,47405.3,0.224644,0.831702
1,2024-09-01,Dar es Salaam,61353,9,2024,50893.4,0.205521,0.764195
1,2024-10-01,Dar es Salaam,62157.3,10,2024,49130.5,0.265148,0.974688
1,2024-11-01,Dar es Salaam,66470.6,11,2024,46586.7,0.426815,1.5454
1,2024-12-01,Dar es Salaam,58383.2,12,2024,45962.5,0.270234,0.992645
0.983253,2021-01-01,Dodoma,37664,1,2021,44299.4,-0.149785,-0.510103
0.998262,2021-02-01,Dodoma,44987.9,2,2021,59006.7,-0.23758,-0.820601
0.999988,2021-03-01,Dodoma,65142.1,3,2021,68516.5,-0.0492486,-0.154544
0.999888,2021-04-01,Dodoma,74071.3,4,2021,83978.6,-0.117975,-0.397603
1,2021-05-01,Dodoma,63541,5,2021,65491.5,-0.0297818,-0.0856969
1,2021-06-01,Dodoma,35537.7,6,2021,56723.4,-0.373491,-1.30127
1,2021-07-01,Dodoma,40797.2,7,2021,61304.4,-0.334515,-1.16343
1,2021-08-01,Dodoma,81737.5,8,2021,70487.3,0.159606,0.584097
1,2021-09-01,Dodoma,63061.7,9,2021,85080.9,-0.258803,-0.895661
1,2021-10-01,Dodoma,61877.8,10,2021,81703.9,-0.242657,-0.838559
1,2021-11-01,Dodoma,62732.6,11,2021,81558.5,-0.230827,-0.796722
1,2021-12-01,Dodoma,65718.3,12,2021,63314.1,0.0379729,0.153927
0.997692,2022-01-01,Dodoma,39193.4,1,2022,43534.7,-0.09972,-0.333043
0.941498,2022-02-01,Dodoma,48968.2,2,2022,57679.9,-0.151036,-0.51453
0.999665,2022-03-01,Dodoma,49989.9,3,2022,73567.2,-0.320487,-1.11382
1,2022-04-01,Dodoma,74094.5,4,2022,83970.9,-0.117616,-0.396336
1,2022-05-01,Dodoma,54941.6,5,2022,68358,-0.196266,-0.674491
1,2022-06-01,Dodoma,51952.3,6,2022,51251.9,0.0136665,0.0679641
0.999838,2022-07-01,Dodoma,46440.3,7,2022,59423.4,-0.218485,-0.753072
1,2022-08-01,Dodoma,63237.6,8,2022,76653.9,-0.175025,-0.599367
1,2022-09-01,Dodoma,85597.4,9,2022,77568.9,0.103501,0.385676
1,2022-10-01,Dodoma,88953.4,10,2022,72678.7,0.223928,0.811582
0.999976,2022-11-01,Dodoma,64697.6,11,2022,80903.5,-0.200311,-0.688795
0.998128,2022-12-01,Dodoma,51159.7,12,2022,68167,-0.249495,-0.862742
1,2023-01-01,Dodoma,49405.4,1,2023,38428.7,0.285637,1.02982
0.990453,2023-02-01,Dodoma,60574.9,2,2023,53811,0.125697,0.464174
0.998046,2023-03-01,Dodoma,90368,3,2023,60107.9,0.50343,1.80008
0.99994,2023-04-01,Dodoma,87594.1,4,2023,79471.1,0.102213,0.381122
1,2023-05-01,Dodoma,63558.2,5,2023,65485.8,-0.0294351,-0.0844706
1,2023-06-01,Dodoma,55816.8,6,2023,49963.7,0.117146,0.433934
1,2023-07-01,Dodoma,66014,7,2023,52898.8,0.247929,0.896466
1,2023-08-01,Dodoma,58839,8,2023,78120.2,-0.246815,-0.853263
1,2023-09-01,Dodoma,79244.3,9,2023,79686.6,-0.00555063,0
1,2023-10-01,Dodoma,74492.3,10,2023,77499,-0.0387977,-0.117583
0.999738,2023-11-01,Dodoma,92654.9,11,2023,71584.4,0.294344,1.06062
0.999478,2023-12-01,Dodoma,70942.3,12,2023,61572.8,0.15217,0.5578
0.99561,2024-02-01,Dodoma,67477,2,2024,51510.3,0.30997,1.11588
0.999952,2024-03-01,Dodoma,65191.6,3,2024,68500,-0.048298,-0.151182
0.967546,2024-04-01,Dodoma,90247.3,4,2024,78586.6,0.14838,0.544397
1,2024-05-01,Dodoma,77974.7,5,2024,60680.3,0.285008,1.0276
1,2024-06-04,Dodoma,62401.1,6,2024,47768.9,0.306312,1.10294
1,2024-07-01,Dodoma,71459.1,7,2024,51083.8,0.398859,1.43025
1,2024-08-01,Dodoma,89385.4,8,2024,67938,0.31569,1.13611
1,2024-09-01,Dodoma,90400.8,9,2024,75967.8,0.189988,0.69155
1,2024-10-01,Dodoma,81665.9,10,2024,75107.8,0.0873147,0.328431
1,2024-11-01,Dodoma,87323,11,2024,73361.7,0.190308,0.69268
0.997579,2024-12-01,Dodoma,67840.3,12,2024,62606.8,0.0835943,0.315273
0.981698,2021-01-01,Geita,17742,1,2021,21359,-0.169343,-0.837447
0.925341,2021-02-01,Geita,21588.9,2,2021,30612.2,-0.294762,-1.42543
0.999551,2021-03-01,Geita,34379.6,3,2021,33387.8,0.029704,0.0957128
0.999857,2021-05-01,Geita,28552.3,5,2021,30331.3,-0.0586521,-0.318513
1,2021-06-01,Geita,18982.5,6,2021,28025.3,-0.322665,-1.55625
0.999988,2021-07-01,Geita,23267.5,7,2021,26074.5,-0.10765,-0.548225
1,2021-08-01,Geita,40875.3,8,2021,34529.4,0.183785,0.818066
1,2021-09-01,Geita,30647.2,9,2021,39289.6,-0.219966,-1.07478
0.999905,2021-10-01,Geita,26728.5,10,2021,40660.6,-0.342644,-1.64991
0.998107,2021-11-01,Geita,27207.7,11,2021,37847,-0.281114,-1.36145
0.953676,2022-01-01,Geita,22883.4,1,2022,19645.3,0.164829,0.729201
0.813966,2022-02-01,Geita,29746.6,2,2022,27893,0.0664549,0.268007
0.999976,2022-03-01,Geita,25610.6,3,2022,36310.8,-0.294686,-1.42507
0.931628,2022-04-01,Geita,36081.7,4,2022,42996.6,-0.160824,-0.797509
0.999845,2022-05-01,Geita,28029,5,2022,30505.8,-0.0811907,-0.424178
1,2022-06-01,Geita,29332.4,6,2022,24575.4,0.193569,0.863938
1,2022-07-01,Geita,15764,7,2022,28575.6,-0.448341,-2.14543
1,2022-08-01,Geita,29595.3,8,2022,38289.4,-0.227061,-1.10804
0.999976,2022-09-01,Geita,36334.2,9,2022,37393.9,-0.0283394,-0.176403
0.999259,2022-10-01,Geita,45853.4,10,2022,34285.6,0.337396,1.53822
0.853688,2022-11-01,Geita,33410.7,11,2022,35779.3,-0.0662015,-0.353906
0.947301,2022-12-01,Geita,29127.1,12,2022,31688.5,-0.0808305,-0.422489
0.999988,2023-01-01,Geita,20526.9,1,2023,20430.8,0.0047061,-0.021481
0.819468,2023-02-01,Geita,30835.8,2,2023,27529.9,0.120081,0.519415
0.940922,2023-03-01,Geita,38790.9,3,2023,31917.4,0.215352,0.96606
0.98424,2023-04-01,Geita,46077.3,4,2023,37998.8,0.212599,0.95315
1,2023-05-01,Geita,29077.1,5,2023,30156.4,-0.0357896,-0.211331
1,2023-06-01,Geita,25508.3,6,2023,25850.1,-0.0132238,-0.105539
1,2023-07-01,Geita,31388.3,7,2023,23367.5,0.343247,1.56565
1,2023-08-01,Geita,30807.5,8,2023,37885.3,-0.186822,-0.919393
0.998048,2023-09-01,Geita,40600.1,9,2023,35971.9,0.128661,0.559639
0.999845,2023-10-01,Geita,36063.1,10,2023,37549,-0.0395721,-0.229064
0.973554,2023-11-01,Geita,37064.7,11,2023,34561.3,0.0724325,0.29603
0.996202,2023-12-01,Geita,33213,12,2023,29645.5,0.120339,0.520625
0.998315,2024-01-01,Geita,20666.8,1,2024,20384.1,0.01387,0.021481
1,2024-02-01,Geita,31254.3,2,2024,27390.4,0.141066,0.617796
1,2024-03-01,Geita,35762.1,3,2024,32927,0.0861007,0.360109
0.881194,2024-04-01,Geita,39915.9,4,2024,41079.5,-0.0283262,-0.176341
1,2024-05-01,Geita,33887.9,5,2024,28552.8,0.186849,0.832432
1,2024-06-04,Geita,29235.3,6,2024,24607.7,0.188055,0.838084
1,2024-07-01,Geita,31071,7,2024,23473.3,0.323675,1.47389
1,2024-08-01,Geita,43185.3,8,2024,33759.4,0.279207,1.26542
1,2024-09-01,Geita,40934.4,9,2024,35860.5,0.14149,0.619781
1,2024-10-01,Geita,40065.2,10,2024,36215,0.106314,0.454874
0.820248,2024-11-01,Geita,43065.6,11,2024,32561,0.322613,1.46891
0.993308,2024-12-01,Geita,30163.9,12,2024,31170,-0.0322785,-0.19487
0.993804,2021-01-01,Iringa,27938.6,1,2021,32014,-0.127299,-0.523458
0.999881,2021-03-01,Iringa,43500.4,3,2021,48525,-0.103547,-0.390976
0.996316,2021-04-01,Iringa,59702.9,4,2021,59007.9,0.0117783,0.252276
1,2021-05-01,Iringa,46788.5,5,2021,47105.3,-0.00672604,0.149064
1,2021-06-01,Iringa,29721.3,6,2021,39404.4,-0.245735,-1.18406
0.999986,2021-07-01,Iringa,38062.9,7,2021,42788.7,-0.110445,-0.429453
1,2021-08-01,Iringa,60198.7,8,2021,57540.5,0.046198,0.44426
0.999888,2021-09-01,Iringa,61919.4,9,2021,59599.5,0.0389234,0.403684
1,2021-10-01,Iringa,65361.1,10,2021,56314.4,0.160646,1.08262
1,2021-11-01,Iringa,57420.8,11,2021,62552.7,-0.0820425,-0.271031
1,2021-12-01,Iringa,48620.9,12,2021,41925.2,0.159704,1.07736
0.976399,2022-01-01,Iringa,29787.1,1,2022,31089.8,-0.0419017,-0.0471363
0.881169,2022-02-01,Iringa,32578,2,2022,41545.6,-0.215849,-1.01737
0.99932,2022-03-01,Iringa,40986.4,3,2022,49362.9,-0.169692,-0.759916
1,2022-04-01,Iringa,51183.6,4,2022,61847.6,-0.172424,-0.775156
1,2022-05-01,Iringa,42063,5,2022,48680.5,-0.135937,-0.571641
0.998129,2022-06-01,Iringa,37071.4,6,2022,36954.4,0.00316701,0.204245
0.973159,2022-07-01,Iringa,37103,7,2022,43108.6,-0.139313,-0.590467
1,2022-08-01,Iringa,49669.1,8,2022,61050.3,-0.186423,-0.853239
1,2022-09-01,Iringa,58217.5,9,2022,60833.5,-0.0430017,-0.0532718
1,2022-10-01,Iringa,63901.7,10,2022,56800.9,0.125013,0.88387
0.999972,2022-11-01,Iringa,48786.1,11,2022,65430.9,-0.254387,-1.23232
0.909012,2022-12-01,Iringa,34661.7,12,2022,46578.3,-0.255841,-1.24043
0.998759,2023-01-01,Iringa,34240.9,1,2023,28862.8,0.186331,1.22589
0.967366,2023-02-01,Iringa,41545.6,2,2023,32578,0.275265,1.72193
0.994979,2023-03-01,Iringa,61026.5,3,2023,42682.9,0.429764,2.58369
0.989226,2023-04-01,Iringa,62132.6,4,2023,58198,0.0676077,0.563677
1,2023-05-01,Iringa,42094.6,5,2023,48670,-0.135102,-0.56698
1,2023-06-01,Iringa,39263.9,6,2023,36223.5,0.0839331,0.654736
1,2023-07-01,Iringa,40554.5,7,2023,41958.1,-0.0334509,0
1,2023-08-01,Iringa,45293.1,8,2023,62509,-0.275415,-1.34961
1,2023-09-01,Iringa,56633.3,9,2023,61361.6,-0.0770562,-0.243218
1,2023-10-01,Iringa,53519.8,10,2023,60261.5,-0.111875,-0.437427
1,2023-11-01,Iringa,67154.4,11,2023,59308.2,0.132297,0.924494
1,2023-12-01,Iringa,49568.6,12,2023,41609.3,0.191286,1.25352
1,2024-03-01,Iringa,43561.9,3,2024,48504.4,-0.101898,-0.381777
0.935795,2024-04-01,Iringa,63707.4,4,2024,57673,0.104631,0.770184
1,2024-05-01,Iringa,57158.4,5,2024,43648.7,0.30951,1.91294
1,2024-06-04,Iringa,41877.8,6,2024,35352.2,0.184589,1.21617
1,2024-07-01,Iringa,50708.4,7,2024,38573.5,0.314592,1.94129
1,2024-08-01,Iringa,77659.2,8,2024,51720.3,0.501522,2.98393
1,2024-09-01,Iringa,63947.8,9,2024,58923.4,0.0852703,0.662194
0.999749,2024-10-01,Iringa,51521.7,10,2024,60927.5,-0.154377,-0.674491
1,2024-11-01,Iringa,71717.6,11,2024,57787.1,0.241066,1.53118
0.999243,2024-12-01,Iringa,41545.5,12,2024,44283.7,-0.0618338,-0.158312
0.982451,2021-01-01,Kagera,26495.4,1,2021,31511.4,-0.159182,-0.584856
0.937624,2021-02-01,Kagera,33805.4,2,2021,43924.7,-0.230378,-0.872279
0.996842,2021-03-01,Kagera,55639.2,3,2021,54490.1,0.0210891,0.142905
0.814754,2021-04-01,Kagera,58889.9,4,2021,73842,-0.202488,-0.759684
0.998548,2021-05-01,Kagera,45360.2,5,2021,50080.9,-0.094263,-0.322777
1,2021-06-01,Kagera,31068.1,6,2021,51468.1,-0.396362,-1.54237
1,2021-07-01,Kagera,47336.9,7,2021,48024.1,-0.0143093,0
0.999993,2021-08-01,Kagera,69958.1,8,2021,53247,0.313841,1.32476
0.992846,2021-09-01,Kagera,48926.5,9,2021,61321.8,-0.202135,-0.75826
0.988387,2021-10-01,Kagera,41276,10,2021,59906.2,-0.31099,-1.19771
0.975288,2021-11-01,Kagera,45203.4,11,2021,66822.9,-0.323534,-1.24835
0.83903,2021-12-01,Kagera,48690.5,12,2021,51434.2,-0.0533432,-0.157581
0.986853,2022-01-01,Kagera,36492.3,1,2022,28179.1,0.295012,1.24874
0.854053,2022-02-01,Kagera,39145.5,2,2022,42144.7,-0.0711628,-0.22952
0.99968,2022-03-01,Kagera,36920.2,3,2022,60729.8,-0.392057,-1.52499
0.830906,2022-04-01,Kagera,59344.4,4,2022,73690.5,-0.194681,-0.728168
0.999611,2022-05-01,Kagera,43446.9,5,2022,50718.7,-0.143374,-0.52104
0.999986,2022-06-01,Kagera,51485.3,6,2022,44662.4,0.152766,0.674491
0.998487,2022-07-01,Kagera,30137.7,7,2022,53757.1,-0.439373,-1.716
1,2022-08-01,Kagera,40881.2,8,2022,62939.3,-0.350466,-1.35708
1,2022-09-01,Kagera,57866.2,9,2022,58341.9,-0.00815487,0.0248459
0.979874,2022-10-01,Kagera,67845.9,10,2022,51049.6,0.329021,1.38604
0.974069,2022-12-01,Kagera,45847.7,12,2022,52381.8,-0.124739,-0.44581
0.999795,2023-01-01,Kagera,29067.6,1,2023,30654,-0.0517516,-0.151156
0.91851,2023-02-01,Kagera,41342.8,2,2023,41412.3,-0.00167824,0.0509923
0.853612,2023-03-01,Kagera,74886.9,3,2023,48074.2,0.557736,2.30937
0.84646,2023-04-01,Kagera,88312,4,2023,64034.7,0.379128,1.58832
1,2023-05-01,Kagera,48290.2,5,2023,49104.3,-0.016578,-0.00915868
0.999816,2023-06-01,Kagera,44120.8,6,2023,47117.2,-0.0635942,-0.198965
1,2023-07-01,Kagera,58055,7,2023,44451.4,0.306034,1.29324
1,2023-08-01,Kagera,50921,8,2023,59592.7,-0.145516,-0.529685
0.969302,2023-09-01,Kagera,62648.9,9,2023,56747.7,0.103992,0.477586
0.872225,2023-10-01,Kagera,57624.6,10,2023,54456.7,0.0581734,0.292616
0.939682,2023-11-01,Kagera,59552.6,11,2023,59648.3,-0.00160484,0.0512886
0.999838,2023-12-01,Kagera,57766.8,12,2023,48408.7,0.193314,0.838185
0.938783,2024-01-01,Kagera,28974.4,1,2024,30685.1,-0.0557517,-0.167305
1,2024-02-01,Kagera,51285.8,2,2024,38097.9,0.346159,1.45523
1,2024-03-01,Kagera,51663.2,3,2024,55815.5,-0.0743934,-0.242562
0.821095,2024-04-01,Kagera,73869.7,4,2024,68848.8,0.0729271,0.352177
0.998742,2024-05-01,Kagera,58505.7,5,2024,45699.1,0.280237,1.1891
1,2024-06-04,Kagera,58798.2,6,2024,42224.7,0.392507,1.64234
0.983834,2024-07-01,Kagera,55879.5,7,2024,45176.5,0.236916,1.01421
1,2024-08-01,Kagera,67938.7,8,2024,53920.1,0.25999,1.10736
1,2024-09-01,Kagera,63450.3,9,2024,56480.5,0.123401,0.555943
0.994326,2024-10-01,Kagera,54248.1,10,2024,55582.2,-0.0240021,-0.0391302
0.909765,2024-11-01,Kagera,74093.2,11,2024,52378,0.414587,1.73147
1,2024-12-01,Kagera,50688,12,2024,50768.4,-0.00158313,0.0513763
0.997329,2021-03-01,Katavi,55492.3,3,2021,56853.1,-0.0239352,-0.118279
0.905041,2021-04-01,Katavi,61970.6,4,2021,86246,-0.281467,-1.30806
1,2021-05-01,Katavi,52830.8,5,2021,51298,0.0298812,0.13035
1,2021-06-01,Katavi,34681.8,6,2021,50470.5,-0.31283,-1.45296
1,2021-07-01,Katavi,55869.3,7,2021,54438.1,0.0262912,0.113764
1,2021-08-01,Katavi,95813.8,8,2021,85349.6,0.122604,0.558723
1,2021-09-01,Katavi,73130.3,9,2021,80822.5,-0.095175,-0.447402
1,2021-10-01,Katavi,57443.2,10,2021,70206.8,-0.181801,-0.847609
1,2021-11-01,Katavi,54005,11,2021,80212.8,-0.326729,-1.51717
0.994993,2021-12-01,Katavi,57025,12,2021,57809.9,-0.0135779,-0.0704288
0.95302,2022-03-01,Katavi,51343.2,3,2022,58236.1,-0.11836,-0.554518
0.999401,2022-04-01,Katavi,61307,4,2022,86467.1,-0.290979,-1.352
1,2022-05-01,Katavi,48496.7,5,2022,52742.7,-0.0805028,-0.379617
1,2022-06-01,Katavi,53492.7,6,2022,44200.3,0.210234,0.96357
0.999912,2022-07-01,Katavi,41593.4,7,2022,59196.7,-0.297369,-1.38153
1,2022-08-01,Katavi,78111.1,8,2022,91250.5,-0.143992,-0.672935
1,2022-09-01,Katavi,79860.1,9,2022,78579.2,0.0163009,0.0676094
1,2022-10-01,Katavi,74877.3,10,2022,64395.4,0.162773,0.744299
0.842115,2023-01-01,Katavi,42335.5,1,2023,42335.5,0,-0.00769959
0.908562,2023-02-01,Katavi,58594.1,2,2023,54441.4,0.0762797,0.344708
0.907927,2023-03-01,Katavi,62562,3,2023,54496.5,0.147999,0.676046
0.999964,2023-04-01,Katavi,91837.6,4,2023,76290.3,0.203791,0.933804
1,2023-05-01,Katavi,45335.9,5,2023,53796.3,-0.157266,-0.73426
1,2023-06-01,Katavi,52145.5,6,2023,44649.3,0.167892,0.767949
1,2023-07-01,Katavi,66192.6,7,2023,50997,0.297972,1.36891
1,2023-08-01,Katavi,81387,8,2023,90158.5,-0.0972891,-0.457169
1,2023-09-01,Katavi,66986.3,9,2023,82870.5,-0.191675,-0.893224
1,2023-10-01,Katavi,70263.7,10,2023,65933.3,0.0656786,0.295732
0.993481,2023-12-01,Katavi,63995.6,12,2023,54324.6,0.178022,0.814753
0.989969,2024-02-01,Katavi,54441.4,2,2024,58594.1,-0.0708735,-0.335131
0.999948,2024-03-01,Katavi,56654,3,2024,56465.8,0.0033332,0.00769959
0.978881,2024-04-01,Katavi,105593,4,2024,71705.1,0.472605,2.17571
1,2024-05-01,Katavi,60061.3,5,2024,48887.8,0.228552,1.0482
1,2024-06-04,Katavi,45773.4,6,2024,46773.3,-0.0213784,-0.106467
1,2024-07-01,Katavi,55528.2,7,2024,54551.8,0.0178982,0.0749888
1,2024-08-01,Katavi,96550.6,8,2024,85104,0.134502,0.613689
1,2024-09-01,Katavi,95621.1,9,2024,73325.6,0.304062,1.39705
1,2024-10-01,Katavi,65479.5,10,2024,67528,-0.0303363,-0.147851
0.992483,2024-11-01,Katavi,80212.8,11,2024,54005,0.485287,2.23429
0.988733,2024-12-01,Katavi,51624.2,12,2024,60510.3,-0.146852,-0.686147
0.987456,2021-03-01,Kigoma,62231.3,3,2021,64227.2,-0.0310758,-0.294792
1,2021-05-01,Kigoma,51731.2,5,2021,54295.9,-0.0472356,-0.377017
1,2021-06-01,Kigoma,33157.2,6,2021,48431.2,-0.315375,-1.74138
1,2021-07-01,Kigoma,49506.5,7,2021,46510.2,0.0644229,0.191131
1,2021-08-01,Kigoma,96112.9,8,2021,75708.4,0.269515,1.23469
1,2021-09-01,Kigoma,65408.4,9,2021,75030.8,-0.128245,-0.789215
1,2021-10-01,Kigoma,54005.5,10,2021,74867.4,-0.278652,-1.55453
0.999796,2021-11-01,Kigoma,58385.4,11,2021,79179.2,-0.262617,-1.47293
0.914409,2021-12-01,Kigoma,59587.9,12,2021,60478.5,-0.014726,-0.211599
0.983705,2022-03-01,Kigoma,51441.9,3,2022,67823.6,-0.241534,-1.36566
0.971678,2022-04-01,Kigoma,67034.8,4,2022,91951.1,-0.270973,-1.51545
0.999943,2022-05-01,Kigoma,53845.5,5,2022,53591.1,0.00474641,-0.112519
1,2022-06-01,Kigoma,47844.9,6,2022,43535.3,0.0989906,0.367021
0.999922,2022-07-01,Kigoma,14856.5,7,2022,58060.2,-0.74412,-3.92295
1,2022-08-01,Kigoma,61596.5,8,2022,87213.8,-0.293731,-1.63125
1,2022-09-01,Kigoma,76391.4,9,2022,71369.8,0.0703615,0.221348
0.999648,2022-10-01,Kigoma,86570.3,10,2022,64012.5,0.352397,1.65642
0.976452,2023-01-01,Kigoma,40046.8,1,2023,37949.2,0.0552731,0.144574
0.935342,2023-03-01,Kigoma,73428.7,3,2023,60494.7,0.213804,0.951221
0.977153,2023-04-01,Kigoma,94962.2,4,2023,77987.4,0.217661,0.970847
1,2023-05-01,Kigoma,47192.3,5,2023,55808.9,-0.154394,-0.922267
1,2023-06-01,Kigoma,47889.4,6,2023,43520.4,0.100389,0.374138
1,2023-07-01,Kigoma,57031.5,7,2023,44001.8,0.296118,1.37005
1,2023-08-01,Kigoma,74708.8,8,2023,82843,-0.0981883,-0.636278
1,2023-09-01,Kigoma,67764.5,9,2023,74245.4,-0.0872904,-0.580826
0.999494,2023-10-01,Kigoma,69657.5,10,2023,69650.1,0.000107155,-0.136124
0.856345,2023-11-01,Kigoma,74568.9,11,2023,71087.5,0.0489732,0.112519
0.975114,2023-12-01,Kigoma,66283.2,12,2023,57130.9,0.160199,0.678463
0.939991,2024-01-01,Kigoma,37949.2,1,2024,40046.8,-0.052378,-0.403183
0.997179,2024-02-01,Kigoma,59495.9,2,2024,59495.9,0,-0.13667
0.999777,2024-03-01,Kigoma,67810.9,3,2024,62367.3,0.0872835,0.307451
0.826472,2024-04-01,Kigoma,88939.9,4,2024,80998.5,0.0980443,0.362206
1,2024-05-01,Kigoma,61849.9,5,2024,50923,0.214577,0.955154
1,2024-06-04,Kigoma,49559.2,6,2024,42963.8,0.153511,0.644434
1,2024-07-01,Kigoma,67642.5,7,2024,40464.8,0.671637,3.2808
1,2024-08-01,Kigoma,90819.8,8,2024,77472.7,0.172281,0.739941
1,2024-09-01,Kigoma,80936.4,9,2024,69854.8,0.158637,0.670518
0.999819,2024-10-01,Kigoma,68374.5,10,2024,70077.8,-0.024306,-0.260345
0.940962,2024-11-01,Kigoma,83789.5,11,2024,66477.1,0.260426,1.18845
0.979553,2024-12-01,Kigoma,54673.9,12,2024,62935.5,-0.131272,-0.804617
1,2021-01-01,Kilimanjaro,11798.7,1,2021,14147.7,-0.166037,-0.600078
0.999524,2021-02-01,Kilimanjaro,12313.5,2,2021,21395.8,-0.424492,-1.5671
0.99998,2021-03-01,Kilimanjaro,23316.5,3,2021,23645.1,-0.0138973,-0.0308416
0.999801,2021-04-01,Kilimanjaro,22539.2,4,2021,30220.9,-0.254184,-0.929882
0.998856,2021-05-01,Kilimanjaro,21539.3,5,2021,20554.5,0.0479149,0.200431
0.99994,2021-06-01,Kilimanjaro,11255.9,6,2021,17838.4,-0.369008,-1.3595
1,2021-07-01,Kilimanjaro,12113.1,7,2021,18773.9,-0.35479,-1.3063
0.99994,2021-08-01,Kilimanjaro,22357.3,8,2021,22710.2,-0.0155366,-0.0369749
0.999583,2021-09-01,Kilimanjaro,22173.7,9,2021,25859.6,-0.142536,-0.512147
1,2021-10-01,Kilimanjaro,20822.9,10,2021,25513.6,-0.183851,-0.666731
1,2021-11-01,Kilimanjaro,21047,11,2021,26175.5,-0.195929,-0.711921
1,2021-12-01,Kilimanjaro,18892.8,12,2021,19596.2,-0.0358946,-0.113145
1,2022-01-01,Kilimanjaro,13840.8,1,2022,13126.6,0.0544034,0.224708
1,2022-02-01,Kilimanjaro,19044,2,2022,19152.3,-0.0056543,0
1,2022-03-01,Kilimanjaro,18479.2,3,2022,25257.5,-0.26837,-0.982959
1,2022-04-01,Kilimanjaro,23089.5,4,2022,30037.5,-0.23131,-0.844299
0.999683,2022-05-01,Kilimanjaro,17684.4,5,2022,21839.4,-0.190251,-0.690676
0.99879,2022-06-01,Kilimanjaro,15757.5,6,2022,16337.8,-0.0355183,-0.111737
0.810752,2022-07-01,Kilimanjaro,12820.3,7,2022,18538.2,-0.308441,-1.13289
0.999345,2022-08-01,Kilimanjaro,23071.1,8,2022,22472.2,0.0266507,0.12087
1,2022-09-01,Kilimanjaro,26508.5,9,2022,24414.7,0.0857602,0.342031
1,2022-10-01,Kilimanjaro,29314.1,10,2022,22683.3,0.292323,1.11489
0.99996,2022-11-01,Kilimanjaro,20729.6,11,2022,26281.3,-0.211243,-0.769216
1,2022-12-01,Kilimanjaro,15810.9,12,2022,20623.5,-0.233358,-0.851961
1,2023-01-01,Kilimanjaro,14454.6,1,2023,12819.7,0.127531,0.498317
1,2023-02-01,Kilimanjaro,20229.4,2,2023,18757.2,0.0784912,0.314834
0.982722,2023-03-01,Kilimanjaro,30885.7,3,2023,21122,0.462252,1.75069
0.957595,2023-04-01,Kilimanjaro,35098.1,4,2023,26034.6,0.348132,1.32371
0.995636,2023-05-01,Kilimanjaro,20568.1,5,2023,20878.2,-0.0148534,-0.0344188
0.993831,2023-06-01,Kilimanjaro,17042.2,6,2023,15909.6,0.0711877,0.287507
0.995854,2023-07-01,Kilimanjaro,20735.2,7,2023,15899.9,0.304114,1.15901
0.998552,2023-08-01,Kilimanjaro,18419.4,8,2023,24022.8,-0.233254,-0.851572
0.997104,2023-09-01,Kilimanjaro,23716.9,9,2023,25345.2,-0.0642468,-0.219226
0.992521,2023-10-01,Kilimanjaro,21858.4,10,2023,25168.5,-0.131519,-0.470928
0.988236,2023-11-01,Kilimanjaro,27232.7,11,2023,24113.6,0.129347,0.505112
0.988475,2023-12-01,Kilimanjaro,20801.4,12,2023,18960,0.0971189,0.38453
0.982206,2024-02-01,Kilimanjaro,24914,2,2024,17195.6,0.448857,1.70057
0.987384,2024-03-01,Kilimanjaro,21570.4,3,2024,24227.1,-0.10966,-0.38914
0.943658,2024-04-01,Kilimanjaro,32475.1,4,2024,26908.9,0.20685,0.795095
0.943903,2024-05-01,Kilimanjaro,23410.8,5,2024,19930.6,0.174617,0.674491
0.992978,2024-06-04,Kilimanjaro,20715.4,6,2024,14685.2,0.410633,1.55755
0.938383,2024-07-01,Kilimanjaro,22766.2,7,2024,15222.9,0.495528,1.87519
0.995497,2024-08-01,Kilimanjaro,26640,8,2024,21282.6,0.251724,0.962991
0.996489,2024-09-01,Kilimanjaro,27353.5,9,2024,24133,0.133446,0.520449
0.993593,2024-10-01,Kilimanjaro,25368.5,10,2024,23998.5,0.0570876,0.234751
0.991014,2024-11-01,Kilimanjaro,30564.3,11,2024,23003.1,0.328707,1.25102
0.991113,2024-12-01,Kilimanjaro,22176.4,12,2024,18501.7,0.198613,0.764274
0.999175,2021-01-01,Lindi,62686.6,1,2021,58277.1,0.0756642,0.35987
1,2021-03-01,Lindi,84557.4,3,2021,88051.3,-0.0396805,-0.318429
0.99999,2021-04-01,Lindi,106219,4,2021,96164.1,0.104559,0.529792
1,2021-05-01,Lindi,79833,5,2021,71792.4,0.111998,0.573536
1,2021-06-01,Lindi,40806.1,6,2021,60567.7,-0.326273,-2.00377
1,2021-07-01,Lindi,56797.6,7,2021,73781.2,-0.230189,-1.43874
1,2021-08-01,Lindi,115760,8,2021,83937.3,0.379124,2.14441
1,2021-09-01,Lindi,97527.1,9,2021,108391,-0.100229,-0.674491
1,2021-10-01,Lindi,95105.4,10,2021,101760,-0.0653972,-0.469659
1,2021-11-01,Lindi,90604.5,11,2021,105162,-0.138428,-0.899127
1,2021-12-01,Lindi,78917.2,12,2021,71301.2,0.106815,0.543055
0.979679,2022-01-01,Lindi,64691.8,1,2022,57274.5,0.129503,0.676475
0.968992,2022-02-01,Lindi,71687.4,2,2022,85002.8,-0.156646,-1.00626
0.999808,2022-03-01,Lindi,82097.2,3,2022,88871.3,-0.0762235,-0.533324
1,2022-04-01,Lindi,83874.5,4,2022,103612,-0.190496,-1.20532
1,2022-05-01,Lindi,67610.6,5,2022,75866.5,-0.108822,-0.725023
1,2022-06-01,Lindi,53579.9,6,2022,56309.8,-0.0484804,-0.370178
0.831144,2022-07-01,Lindi,63128.3,7,2022,71671,-0.119194,-0.786015
1,2022-08-01,Lindi,75044,8,2022,97509.3,-0.230391,-1.43993
1,2022-09-01,Lindi,110001,9,2022,104233,0.0553314,0.2403
1,2022-10-01,Lindi,104358,10,2022,98676,0.0575853,0.253555
1,2022-11-01,Lindi,92018.5,11,2022,104691,-0.121043,-0.796892
0.994809,2022-12-01,Lindi,65035.8,12,2022,75928.3,-0.143458,-0.928706
0.998723,2023-01-01,Lindi,51862.5,1,2023,63689.2,-0.185694,-1.17708
0.99624,2023-02-01,Lindi,85002.8,2,2023,71687.4,0.185742,1.0072
0.999081,2023-03-01,Lindi,101380,3,2023,82443.7,0.22969,1.26564
1,2023-04-01,Lindi,99744.7,4,2023,98322.2,0.0144683,0
1,2023-05-01,Lindi,68737.8,5,2023,75490.8,-0.0894534,-0.611124
1,2023-06-01,Lindi,60942.3,6,2023,53855.6,0.131587,0.688728
1,2023-07-01,Lindi,81102.2,7,2023,65679.7,0.234813,1.29576
1,2023-08-01,Lindi,72972.5,8,2023,98199.8,-0.256898,-1.5958
1,2023-09-01,Lindi,100107,9,2023,107531,-0.0690398,-0.491079
1,2023-10-01,Lindi,96652.3,10,2023,101245,-0.0453588,-0.35182
1,2023-11-01,Lindi,119745,11,2023,95448.4,0.254552,1.41184
1,2023-12-01,Lindi,78031.7,12,2023,71596.4,0.0898833,0.443487
1,2024-03-01,Lindi,80676.4,3,2024,89344.9,-0.0970229,-0.655638
0.9192,2024-04-01,Lindi,104873,4,2024,96612.8,0.0854992,0.417706
1,2024-05-01,Lindi,79028.7,5,2024,72060.5,0.0966999,0.483573
1,2024-06-04,Lindi,67181,6,2024,51776.1,0.297529,1.66457
1,2024-07-01,Lindi,77113.3,7,2024,67009.4,0.150783,0.801618
1,2024-08-01,Lindi,103795,8,2024,87925.5,0.180493,0.97633
1,2024-09-01,Lindi,115065,9,2024,102545,0.122097,0.632926
1,2024-10-01,Lindi,104270,10,2024,98705.3,0.0563787,0.24646
1,2024-11-01,Lindi,103722,11,2024,100789,0.029099,0.0860379
1,2024-12-01,Lindi,70836.1,12,2024,73994.9,-0.0426894,-0.336123
0.999622,2021-01-01,Manyara,32516.9,1,2021,38135.6,-0.147334,-0.524324
0.99629,2021-02-01,Manyara,41265.2,2,2021,61329.2,-0.327153,-1.22495
0.999827,2021-03-01,Manyara,73620.1,3,2021,69386.4,0.0610168,0.287475
0.992337,2021-04-01,Manyara,81639.6,4,2021,90828.5,-0.101167,-0.344444
0.996832,2021-05-01,Manyara,71537.1,5,2021,64911,0.10208,0.447472
0.999904,2021-06-01,Manyara,36998.3,6,2021,51676.5,-0.28404,-1.05697
1,2021-07-01,Manyara,42318.9,7,2021,60062,-0.295413,-1.10128
1,2021-08-01,Manyara,82948.7,8,2021,67947.1,0.220784,0.909976
1,2021-09-01,Manyara,68790.2,9,2021,82180.9,-0.162942,-0.585135
1,2021-10-01,Manyara,60066.9,10,2021,76603.4,-0.215871,-0.791362
1,2021-11-01,Manyara,59892.9,11,2021,76819.9,-0.220346,-0.808801
0.996655,2021-12-01,Manyara,68281.8,12,2021,55926.9,0.220911,0.910473
1,2022-01-01,Manyara,35858.7,1,2022,36464.7,-0.0166197,-0.0150203
0.984513,2022-02-01,Manyara,52937,2,2022,57438.6,-0.0783728,-0.255629
0.999468,2022-03-01,Manyara,56202.6,3,2022,75192.3,-0.252549,-0.934271
0.999001,2022-04-01,Manyara,79184.8,4,2022,91646.7,-0.135978,-0.480076
0.996715,2022-05-01,Manyara,56417.1,5,2022,69951,-0.193477,-0.704108
0.9999,2022-06-01,Manyara,50421.5,6,2022,47202.1,0.0682039,0.315478
0.933191,2022-07-01,Manyara,46929.9,7,2022,58525,-0.198122,-0.722208
1,2022-08-01,Manyara,67610.8,8,2022,73059.7,-0.0745825,-0.240861
1,2022-09-01,Manyara,87413.1,9,2022,75973.3,0.150577,0.636428
1,2022-10-01,Manyara,90850.7,10,2022,66342.1,0.369428,1.48914
0.993115,2022-11-01,Manyara,65469.4,11,2022,74961.1,-0.126622,-0.443622
0.999545,2022-12-01,Manyara,49490.7,12,2022,62190.6,-0.20421,-0.745927
0.999931,2023-01-01,Manyara,40412.5,1,2023,34187.8,0.182074,0.759152
1,2023-02-01,Manyara,59562.6,2,2023,55230.1,0.078445,0.355381
0.981086,2023-03-01,Manyara,89579.3,3,2023,64066.7,0.39822,1.60132
0.980901,2023-04-01,Manyara,102156,4,2023,83989.5,0.216301,0.892509
0.999995,2023-05-01,Manyara,63213.1,5,2023,67685.7,-0.0660781,-0.207725
1,2023-06-01,Manyara,51050.3,6,2023,46992.5,0.0863502,0.386182
1,2023-07-01,Manyara,62857.7,7,2023,53215.7,0.181185,0.755689
1,2023-08-01,Manyara,53848.5,8,2023,77647.1,-0.306497,-1.14447
1,2023-09-01,Manyara,73085,9,2023,80749.3,-0.0949146,-0.320081
1,2023-10-01,Manyara,67186.1,10,2023,74230.3,-0.0948965,-0.32001
0.982604,2023-11-01,Manyara,82655.2,11,2023,69232.5,0.193879,0.805146
0.995869,2023-12-01,Manyara,62368.3,12,2023,57898,0.0772085,0.350563
0.999968,2024-02-01,Manyara,71488.1,2,2024,51254.9,0.394755,1.58782
0.999953,2024-03-01,Manyara,62377.3,3,2024,73134,-0.147082,-0.523341
0.907093,2024-04-01,Manyara,91144.1,4,2024,87660.3,0.039742,0.204582
0.99893,2024-05-01,Manyara,75102.7,5,2024,63722.5,0.178591,0.745581
0.999989,2024-06-04,Manyara,53557.8,6,2024,46156.7,0.160346,0.674491
1,2024-07-01,Manyara,70398.4,7,2024,50702.2,0.38847,1.56333
1,2024-08-01,Manyara,82382,8,2024,68136,0.209081,0.864379
1,2024-09-01,Manyara,86044.6,9,2024,76429.4,0.125805,0.539908
0.999805,2024-10-01,Manyara,71773.2,10,2024,72701.3,-0.0127647,0
0.994527,2024-11-01,Manyara,82335.1,11,2024,69339.1,0.187426,0.780005
0.999478,2024-12-01,Manyara,55921.7,12,2024,60046.9,-0.0686997,-0.21794
0.97736,2021-01-01,Mara,25048,1,2021,29472.6,-0.150126,-0.639137
0.968229,2021-02-01,Mara,30417.3,2,2021,41960.4,-0.275096,-1.136
0.99988,2021-03-01,Mara,57351.2,3,2021,40588.6,0.412988,1.59974
0.982174,2021-05-01,Mara,47581.8,5,2021,45320.9,0.0498856,0.156087
1,2021-06-01,Mara,29545.7,6,2021,44342.4,-0.333692,-1.36897
1,2021-07-01,Mara,46200.9,7,2021,66481,-0.30505,-1.2551
1,2021-08-01,Mara,66867,8,2021,44792.8,0.492808,1.91709
0.969223,2021-09-01,Mara,48747.5,9,2021,59434.5,-0.179812,-0.757163
0.960794,2021-10-01,Mara,40497.9,10,2021,51002.6,-0.205966,-0.861146
0.990434,2021-11-01,Mara,32719.7,11,2021,58735.8,-0.442935,-1.80331
0.961705,2021-12-01,Mara,42867.6,12,2021,40309.6,0.0634586,0.210052
0.997747,2022-01-01,Mara,28255.6,1,2022,27868.8,0.0138825,0.0129431
0.92168,2022-02-01,Mara,31475.4,2,2022,41607.7,-0.24352,-1.01046
0.999896,2022-03-01,Mara,37003.5,3,2022,50762.5,-0.271048,-1.11991
0.985257,2022-05-01,Mara,39135,5,2022,48136.5,-0.186999,-0.785736
1,2022-06-01,Mara,39931.3,6,2022,40880.5,-0.0232197,-0.134571
0.98922,2022-07-01,Mara,57514.1,7,2022,62709.9,-0.0828549,-0.371673
1,2022-08-01,Mara,35505.7,8,2022,55246.6,-0.357323,-1.46292
1,2022-09-01,Mara,59071.4,9,2022,55993.2,0.0549743,0.176319
0.983037,2022-10-01,Mara,52699.4,10,2022,46935.5,0.122807,0.446012
0.969575,2022-12-01,Mara,34691.8,12,2022,43034.9,-0.193867,-0.813043
1,2023-01-01,Mara,30689.5,1,2023,26651.8,0.151499,0.56009
0.870058,2023-02-01,Mara,40992.5,2,2023,38435.3,0.0665316,0.22227
0.980339,2023-04-01,Mara,75072.3,4,2023,75072.3,0,-0.042252
1,2023-05-01,Mara,44725.5,5,2023,46273,-0.0334427,-0.175216
0.990033,2023-06-01,Mara,39431.2,6,2023,41047.2,-0.0393697,-0.198781
1,2023-07-01,Mara,68348.5,7,2023,59098.5,0.15652,0.580052
1,2023-08-01,Mara,40670.8,8,2023,53524.9,-0.240152,-0.997067
0.980106,2023-09-01,Mara,53114.8,9,2023,57978.8,-0.083892,-0.375797
0.894821,2023-10-01,Mara,50562.7,10,2023,47647.7,0.0611794,0.20099
0.902902,2023-11-01,Mara,53920.1,11,2023,48135.6,0.120169,0.435527
0.995761,2023-12-01,Mara,45061.9,12,2023,39578.2,0.138554,0.508623
0.995694,2024-02-01,Mara,53413.3,2,2024,34295,0.557464,2.17416
1,2024-03-01,Mara,44173.8,3,2024,47177.3,-0.0636647,-0.295375
0.970659,2024-05-01,Mara,52102.2,5,2024,43814.1,0.189165,0.709845
1,2024-06-04,Mara,53664.6,6,2024,36302.7,0.478255,1.85923
0.968787,2024-07-01,Mara,73580.3,7,2024,57354.5,0.282903,1.08254
1,2024-08-01,Mara,58201.9,8,2024,47681.2,0.220647,0.835013
0.997723,2024-09-01,Mara,66117.4,9,2024,53644.6,0.232508,0.882173
0.999719,2024-10-01,Mara,49745.8,10,2024,47920,0.0381,0.109229
0.979785,2024-11-01,Mara,63551.6,11,2024,43319.9,0.467031,1.81461
1,2024-12-01,Mara,41175.1,12,2024,40873.8,0.00737169,-0.0129431
0.915918,2021-01-01,Mbeya,50802.9,1,2021,61463,-0.17344,-0.686129
0.993034,2021-03-01,Mbeya,78957.3,3,2021,82050.3,-0.0376965,0
0.988088,2021-04-01,Mbeya,92129.9,4,2021,108188,-0.148424,-0.559682
1,2021-05-01,Mbeya,75915.9,5,2021,79651,-0.0468932,-0.0464855
1,2021-06-01,Mbeya,47929.5,6,2021,65033,-0.262997,-1.1388
1,2021-07-01,Mbeya,66253.4,7,2021,71897.4,-0.0785001,-0.206246
1,2021-08-01,Mbeya,108317,8,2021,95678.4,0.132093,0.858215
1,2021-09-01,Mbeya,93062.8,9,2021,107686,-0.135794,-0.495841
1,2021-10-01,Mbeya,89283,10,2021,101339,-0.118969,-0.410799
1,2021-11-01,Mbeya,85649.5,11,2021,107938,-0.20649,-0.853181
0.999592,2021-12-01,Mbeya,88517.1,12,2021,92968,-0.0478759,-0.0514529
0.841879,2022-01-01,Mbeya,57781.6,1,2022,57973.7,-0.00331342,0.173792
0.994173,2022-03-01,Mbeya,73130.8,3,2022,83992.5,-0.129317,-0.463104
0.998476,2022-04-01,Mbeya,85878.9,4,2022,110271,-0.221203,-0.927549
1,2022-05-01,Mbeya,71314.7,5,2022,81184.8,-0.121575,-0.423973
1,2022-06-01,Mbeya,60680.6,6,2022,60782.6,-0.00167763,0.182061
0.997815,2022-07-01,Mbeya,58458.2,7,2022,74495.8,-0.215282,-0.897621
1,2022-08-01,Mbeya,83302.9,8,2022,104016,-0.199137,-0.816016
1,2022-09-01,Mbeya,104890,9,2022,103744,0.0110467,0.246377
1,2022-10-01,Mbeya,105253,10,2022,96015.9,0.0962041,0.676812
0.995413,2022-11-01,Mbeya,85294.7,11,2022,108056,-0.210642,-0.874168
0.978916,2023-01-01,Mbeya,65144.5,1,2023,54292.2,0.199886,1.20088
0.962014,2023-02-01,Mbeya,70351.2,2,2023,70351.2,0,0.19054
0.955605,2023-03-01,Mbeya,95799.1,3,2023,76436.4,0.253318,1.47096
0.999856,2023-04-01,Mbeya,103677,4,2023,104338,-0.00633711,0.158509
1,2023-05-01,Mbeya,71723.4,5,2023,81048.5,-0.115056,-0.391019
1,2023-06-01,Mbeya,65908.5,6,2023,59039.9,0.116338,0.778582
1,2023-07-01,Mbeya,72798,7,2023,69715.9,0.0442092,0.414
1,2023-08-01,Mbeya,89231,8,2023,102040,-0.125531,-0.443969
1,2023-09-01,Mbeya,99360,9,2023,105587,-0.0589728,-0.107543
1,2023-10-01,Mbeya,105221,10,2023,96026.7,0.0957448,0.674491
0.986909,2023-11-01,Mbeya,117386,11,2023,97358.6,0.205711,1.23033
0.998841,2023-12-01,Mbeya,97174.5,12,2023,88639.3,0.0962916,0.677255
0.99994,2024-03-01,Mbeya,77221,3,2024,82629.1,-0.06545,-0.140283
0.972271,2024-04-01,Mbeya,135006,4,2024,93895.4,0.43784,2.40364
1,2024-05-01,Mbeya,95914.9,5,2024,72984.7,0.314179,1.77859
1,2024-06-04,Mbeya,68509.7,6,2024,58172.9,0.177692,1.0887
1,2024-07-01,Mbeya,84436,7,2024,65836.5,0.28251,1.61851
1,2024-08-01,Mbeya,114501,8,2024,93616.9,0.223083,1.31813
1,2024-09-01,Mbeya,118808,9,2024,99104.1,0.198819,1.19549
1,2024-10-01,Mbeya,93544,10,2024,99918.9,-0.0638011,-0.131948
0.997918,2024-11-01,Mbeya,121132,11,2024,96110.2,0.26034,1.50645
0.994468,2024-12-01,Mbeya,88761.5,12,2024,92845.8,-0.04399,-0.0318113
0.999561,2021-01-01,Morogoro,59560.9,1,2021,69835.6,-0.147127,-0.747993
1,2021-03-01,Morogoro,99876.3,3,2021,99305.3,0.00574977,0.0119991
0.992062,2021-04-01,Morogoro,124759,4,2021,118079,0.0565664,0.264622
1,2021-05-01,Morogoro,97217,5,2021,92207.8,0.0543257,0.253483
1,2021-06-01,Morogoro,52828,6,2021,75488.3,-0.300183,-1.50887
1,2021-07-01,Morogoro,56387,7,2021,83095,-0.321415,-1.61442
1,2021-08-01,Morogoro,125102,8,2021,98809,0.266095,1.30624
0.99999,2021-09-01,Morogoro,116617,9,2021,135005,-0.136204,-0.693691
1,2021-10-01,Morogoro,120900,10,2021,130475,-0.0733848,-0.3814
1,2021-11-01,Morogoro,158369,11,2021,126271,0.254203,1.24713
1,2021-12-01,Morogoro,91511.8,12,2021,85913.1,0.0651667,0.307377
0.960949,2022-01-01,Morogoro,73530.2,1,2022,62850.9,0.169914,0.828103
0.987556,2022-03-01,Morogoro,82898.7,3,2022,104964,-0.210221,-1.06165
1,2022-04-01,Morogoro,106089,4,2022,124302,-0.146528,-0.745012
1,2022-05-01,Morogoro,81889.9,5,2022,97316.8,-0.158523,-0.804643
0.999561,2022-06-01,Morogoro,74344.3,6,2022,68316.2,0.0882372,0.422066
0.90624,2022-07-01,Morogoro,71536.3,7,2022,78045.2,-0.0833982,-0.431179
0.999997,2022-08-01,Morogoro,88281.5,8,2022,111082,-0.205261,-1.03699
1,2022-09-01,Morogoro,133680,9,2022,129318,0.0337365,0.151128
1,2022-10-01,Morogoro,145111,10,2022,122405,0.185497,0.905568
0.999491,2022-11-01,Morogoro,109130,11,2022,142684,-0.235162,-1.18564
0.982641,2022-12-01,Morogoro,74873.6,12,2022,91459.2,-0.181344,-0.918093
0.998021,2023-01-01,Morogoro,66141,1,2023,66545.5,-0.006079,-0.0468049
0.967174,2023-02-01,Morogoro,99223.4,2,2023,99223.4,0,-0.0165845
0.994485,2023-03-01,Morogoro,125470,3,2023,90774.1,0.382222,1.88354
0.990809,2023-04-01,Morogoro,125620,4,2023,117792,0.0664603,0.313808
1,2023-05-01,Morogoro,85352.6,5,2023,96162.6,-0.112414,-0.575423
1,2023-06-01,Morogoro,73365.4,6,2023,68642.5,0.0688049,0.325463
1,2023-07-01,Morogoro,86078.8,7,2023,73197.7,0.175977,0.858245
1,2023-08-01,Morogoro,82954.6,8,2023,112858,-0.264965,-1.33379
1,2023-09-01,Morogoro,127006,9,2023,131542,-0.0344841,-0.188014
1,2023-10-01,Morogoro,123350,10,2023,129659,-0.0486594,-0.258483
1,2023-11-01,Morogoro,139652,11,2023,132510,0.0538994,0.251364
0.999808,2023-12-01,Morogoro,95492.6,12,2023,84586.2,0.128938,0.624399
0.999885,2024-03-01,Morogoro,89547.3,3,2024,102748,-0.12848,-0.655291
0.925088,2024-04-01,Morogoro,122529,4,2024,118823,0.0311888,0.138463
0.999997,2024-05-01,Morogoro,109381,5,2024,88153.2,0.240804,1.18052
1,2024-06-04,Morogoro,78755.2,6,2024,66845.9,0.17816,0.869098
1,2024-07-01,Morogoro,91669.7,7,2024,71334.1,0.285076,1.40061
1,2024-08-01,Morogoro,125191,8,2024,98779.2,0.267381,1.31264
1,2024-09-01,Morogoro,144330,9,2024,125768,0.147587,0.717109
0.999487,2024-10-01,Morogoro,122965,10,2024,129787,-0.0525608,-0.277878
1,2024-11-01,Morogoro,130030,11,2024,135717,-0.0419015,-0.224888
0.999885,2024-12-01,Morogoro,87373.2,12,2024,87292.7,0.000922393,-0.0119991
0.999986,2021-01-01,Mtwara,17941.1,1,2021,19914.6,-0.0990961,-0.670184
1,2021-03-01,Mtwara,24748.1,3,2021,26659.9,-0.071709,-0.500827
1,2021-04-01,Mtwara,31484.3,4,2021,26409.4,0.192163,1.13091
1,2021-05-01,Mtwara,21853.1,5,2021,20888.4,0.0461795,0.228175
1,2021-06-01,Mtwara,13411,6,2021,18695.6,-0.282664,-1.80534
1,2021-07-01,Mtwara,15470.8,7,2021,21721.5,-0.287768,-1.8369
1,2021-08-01,Mtwara,30917.2,8,2021,25006.9,0.236345,1.40413
1,2021-09-01,Mtwara,21274.2,9,2021,30020,-0.291331,-1.85893
1,2021-10-01,Mtwara,23341.4,10,2021,28817.9,-0.190039,-1.23256
1,2021-11-01,Mtwara,24651.6,11,2021,30150.3,-0.182376,-1.18517
1,2021-12-01,Mtwara,24135,12,2021,20927.1,0.153293,0.890548
0.97179,2022-01-01,Mtwara,21810.1,1,2022,18625,0.171013,1.00013
0.989053,2022-02-01,Mtwara,20926.9,2,2022,26067.2,-0.197197,-1.27682
1,2022-03-01,Mtwara,26692.4,3,2022,26011.8,0.0261651,0.104409
1,2022-04-01,Mtwara,23503.5,4,2022,29069.7,-0.191477,-1.24145
1,2022-05-01,Mtwara,19931.7,5,2022,21528.9,-0.0741881,-0.516158
1,2022-06-01,Mtwara,16645.4,6,2022,17617.5,-0.0551764,-0.398593
0.865859,2022-07-01,Mtwara,17277.2,7,2022,21119.4,-0.181929,-1.18241
1,2022-08-01,Mtwara,21018.1,8,2022,28306.6,-0.257484,-1.64963
1,2022-09-01,Mtwara,30254.2,9,2022,27026.6,0.11942,0.681082
1,2022-10-01,Mtwara,28133.6,10,2022,27220.5,0.0335461,0.150052
1,2022-11-01,Mtwara,26972.4,11,2022,29376.8,-0.0818477,-0.563523
0.950946,2022-12-01,Mtwara,20040.5,12,2022,22291.9,-0.100994,-0.68192
0.99995,2023-01-01,Mtwara,17738.7,1,2023,19982.1,-0.112272,-0.75166
0.998869,2023-02-01,Mtwara,25150.4,2,2023,23955.5,0.0498812,0.251066
1,2023-03-01,Mtwara,28162.5,3,2023,25521.7,0.103473,0.58247
1,2023-04-01,Mtwara,27854.4,4,2023,27619.4,0.00850749,-0.00478228
1,2023-05-01,Mtwara,20469.1,5,2023,21349.7,-0.0412462,-0.312451
1,2023-06-01,Mtwara,18872.4,6,2023,16875.2,0.118354,0.674491
1,2023-07-01,Mtwara,21827.2,7,2023,19602.7,0.113476,0.644323
1,2023-08-01,Mtwara,21514.1,8,2023,28141.3,-0.235496,-1.51366
1,2023-09-01,Mtwara,27887.2,9,2023,27815.6,0.00257096,-0.0414928
1,2023-10-01,Mtwara,28526.8,10,2023,27089.5,0.0530576,0.270708
1,2023-11-01,Mtwara,33988,11,2023,27038.2,0.257034,1.53206
1,2023-12-01,Mtwara,21634.7,12,2023,21760.5,-0.00578073,-0.0931382
0.981923,2024-01-01,Mtwara,20195.1,1,2024,19163.3,0.0538408,0.275551
0.853924,2024-02-01,Mtwara,26984.1,2,2024,23038.6,0.171254,1.00161
1,2024-03-01,Mtwara,25124.7,3,2024,26534.4,-0.0531262,-0.385914
0.949969,2024-04-01,Mtwara,27870.4,4,2024,27614.1,0.00928085,0
1,2024-05-01,Mtwara,22264.5,5,2024,20751.3,0.0729191,0.393528
1,2024-06-04,Mtwara,20569,6,2024,16309.6,0.261159,1.55757
1,2024-07-01,Mtwara,26060.3,7,2024,18191.7,0.432535,2.61733
1,2024-08-01,Mtwara,32488.5,8,2024,24483.1,0.326976,1.96457
1,2024-09-01,Mtwara,31918.6,9,2024,26471.8,0.205755,1.21496
1,2024-10-01,Mtwara,29793.4,10,2024,26667.3,0.117226,0.667513
1,2024-11-01,Mtwara,29490.7,11,2024,28537.3,0.0334076,0.149195
1,2024-12-01,Mtwara,21105.9,12,2024,21936.8,-0.0378745,-0.291601
0.96983,2021-01-01,Mwanza,22033.4,1,2021,23977.1,-0.0810634,-0.300134
0.94294,2021-02-01,Mwanza,25451.8,2,2021,36342.4,-0.299666,-1.03081
1,2021-03-01,Mwanza,42462.8,3,2021,36615.5,0.159693,0.504593
0.95812,2021-05-01,Mwanza,33521.2,5,2021,42400.7,-0.209419,-0.729161
1,2021-06-01,Mwanza,23827.5,6,2021,35027,-0.31974,-1.09791
1,2021-07-01,Mwanza,28181.1,7,2021,35792.8,-0.212659,-0.739991
1,2021-08-01,Mwanza,54747.1,8,2021,41160.9,0.330077,1.0741
0.995059,2021-09-01,Mwanza,39995.9,9,2021,51904.4,-0.229431,-0.796053
0.997884,2021-10-01,Mwanza,30928.3,10,2021,48451.8,-0.361668,-1.23805
0.95976,2021-11-01,Mwanza,30515.2,11,2021,55529.7,-0.450471,-1.53487
0.996569,2022-01-01,Mwanza,25067.5,1,2022,22965.7,0.0915192,0.276721
0.812673,2022-02-01,Mwanza,29138.5,2,2022,35113.5,-0.170164,-0.597952
0.999446,2022-03-01,Mwanza,32499.9,3,2022,41596.9,-0.218696,-0.760168
0.991852,2022-05-01,Mwanza,35388.4,5,2022,41778.3,-0.152947,-0.540405
1,2022-06-01,Mwanza,34954.4,6,2022,31318,0.116112,0.358923
0.99995,2022-07-01,Mwanza,22817.6,7,2022,37580.7,-0.392837,-1.34223
1,2022-08-01,Mwanza,34570.3,8,2022,47886.5,-0.278079,-0.958656
1,2022-09-01,Mwanza,49016,9,2022,48897.7,0.00241872,-0.0210961
0.999261,2022-10-01,Mwanza,52719.4,10,2022,41188.2,0.279966,0.906601
0.935419,2022-12-01,Mwanza,37007.2,12,2022,38679.7,-0.0432391,-0.173707
1,2023-01-01,Mwanza,27895.1,1,2023,22023.2,0.266621,0.861998
0.867101,2023-02-01,Mwanza,39773.3,2,2023,31568.6,0.259898,0.839527
0.913442,2023-04-01,Mwanza,58983.1,4,2023,58983.1,0,-0.0291806
1,2023-05-01,Mwanza,40195.3,5,2023,40176,0.000479825,-0.0275768
1,2023-06-01,Mwanza,32589.3,6,2023,32106.4,0.0150417,0.0210961
1,2023-07-01,Mwanza,41512.5,7,2023,31349,0.324205,1.05447
1,2023-08-01,Mwanza,38379.3,8,2023,46616.8,-0.176707,-0.61982
0.964268,2023-09-01,Mwanza,52531.9,9,2023,47725.7,0.100705,0.307425
0.915056,2023-10-01,Mwanza,45192.7,10,2023,43697.1,0.0342272,0.0852232
0.994213,2023-11-01,Mwanza,46243.3,11,2023,47665.6,-0.02984,-0.128921
0.947495,2023-12-01,Mwanza,40191.3,12,2023,37087.7,0.0836837,0.250531
0.869534,2024-01-01,Mwanza,18968.7,1,2024,24998.7,-0.241213,-0.835431
0.999708,2024-02-01,Mwanza,40115.5,2,2024,31454.5,0.275351,0.891175
0.99999,2024-03-01,Mwanza,40731.1,3,2024,37481.3,0.0867049,0.26063
0.99861,2024-05-01,Mwanza,51618.4,5,2024,36368.3,0.419324,1.37241
1,2024-06-04,Mwanza,37537.3,6,2024,30457.1,0.232465,0.747832
0.96924,2024-07-01,Mwanza,43048.3,7,2024,30837.1,0.395992,1.29442
1,2024-08-01,Mwanza,50533.1,8,2024,42565.6,0.187181,0.596471
1,2024-09-01,Mwanza,54165.3,9,2024,47181.3,0.148025,0.465591
0.999883,2024-10-01,Mwanza,47443.4,10,2024,42946.8,0.104702,0.320784
0.81013,2024-11-01,Mwanza,64816.1,11,2024,38379.2,0.688832,2.27323
1,2024-12-01,Mwanza,37168.1,12,2024,38599.2,-0.0370773,-0.153111
0.941349,2021-01-01,Njombe,16426.1,1,2021,19891.2,-0.174204,-0.792788
0.997874,2021-03-01,Njombe,23921.5,3,2021,26910.9,-0.111084,-0.488009
0.999698,2021-04-01,Njombe,34661.5,4,2021,31643.3,0.0953816,0.508931
1,2021-05-01,Njombe,25063.7,5,2021,26754.7,-0.0632009,-0.256801
1,2021-06-01,Njombe,16340.5,6,2021,20995.7,-0.221724,-1.02224
1,2021-07-01,Njombe,17093,7,2021,23093,-0.259819,-1.20619
1,2021-08-01,Njombe,35423.2,8,2021,27367,0.294377,1.4698
1,2021-09-01,Njombe,27283.7,9,2021,32116.8,-0.150485,-0.678258
1,2021-10-01,Njombe,27986.8,10,2021,35885.9,-0.220118,-1.01449
1,2021-11-01,Njombe,55774.9,11,2021,38489.1,0.449111,2.21695
0.999727,2021-12-01,Njombe,38183.5,12,2021,27396.8,0.393723,1.9495
0.896235,2022-01-01,Njombe,19437.1,1,2022,18385.7,0.0571851,0.324495
0.998144,2022-03-01,Njombe,25545.4,3,2022,26369.6,-0.0312557,-0.10255
0.999955,2022-04-01,Njombe,28942.6,4,2022,34502.8,-0.161153,-0.729774
1,2022-05-01,Njombe,24274.2,5,2022,27017.9,-0.101551,-0.441979
1,2022-06-01,Njombe,19759.8,6,2022,19855.9,-0.00483856,0.0250077
0.998849,2022-07-01,Njombe,18154.8,7,2022,22739.1,-0.201604,-0.925092
1,2022-08-01,Njombe,24177.9,8,2022,31115.4,-0.222962,-1.02822
1,2022-09-01,Njombe,31716.8,9,2022,30639.1,0.035172,0.218203
1,2022-10-01,Njombe,35128.7,10,2022,33505.2,0.0484541,0.282337
1,2022-11-01,Njombe,33634.9,11,2022,45869.1,-0.266721,-1.23952
0.993584,2023-01-01,Njombe,20345.4,1,2023,17931.6,0.134608,0.698338
0.941979,2023-02-01,Njombe,26192.2,2,2023,26192.2,0,0.0483712
0.976502,2023-03-01,Njombe,30093.8,3,2023,24853.4,0.210851,1.06649
0.99822,2023-04-01,Njombe,34344.1,4,2023,31802.1,0.0799336,0.434339
1,2023-05-01,Njombe,24532.8,5,2023,26931.6,-0.0890702,-0.381713
1,2023-06-01,Njombe,20916.6,6,2023,19470.3,0.074282,0.407049
1,2023-07-01,Njombe,22512.3,7,2023,21286.6,0.0575819,0.326411
1,2023-08-01,Njombe,22897.8,8,2023,31542.1,-0.274055,-1.27493
1,2023-09-01,Njombe,30830.6,9,2023,30934.5,-0.00336084,0.032143
1,2023-10-01,Njombe,40680.2,10,2023,31654.8,0.285121,1.4251
0.998789,2023-11-01,Njombe,39511.6,11,2023,43910.2,-0.100172,-0.435319
1,2023-12-01,Njombe,29850.9,12,2023,31563.1,-0.054247,-0.213566
0.996534,2024-03-01,Njombe,25093.4,3,2024,26520.2,-0.0538008,-0.211411
1,2024-05-01,Njombe,31457,5,2024,24623.6,0.277515,1.38838
1,2024-06-04,Njombe,22310.7,6,2024,19005.6,0.173897,0.888049
1,2024-07-01,Njombe,28611.9,7,2024,19253.4,0.486074,2.39543
1,2024-08-01,Njombe,35025.3,8,2024,27499.6,0.273663,1.36978
1,2024-09-01,Njombe,33803.1,9,2024,29943.7,0.128889,0.670724
1,2024-10-01,Njombe,31848.8,10,2024,34598.6,-0.0794763,-0.335388
0.999953,2024-11-01,Njombe,42320.7,11,2024,42973.8,-0.0151967,-0.0250077
0.994319,2024-12-01,Njombe,24942.7,12,2024,34017.2,-0.266763,-1.23972
1,2021-01-01,North Pemba,624.519,1,2021,728.676,-0.142939,-0.77569
1,2021-02-01,North Pemba,662.028,2,2021,997.483,-0.336302,-1.75339
1,2021-03-01,North Pemba,1000.11,3,2021,1048.09,-0.0457831,-0.28444
1,2021-04-01,North Pemba,1000.84,4,2021,1073.48,-0.0676697,-0.395105
1,2021-05-01,North Pemba,898.228,5,2021,922.543,-0.0263559,-0.18621
1,2021-06-01,North Pemba,539.19,6,2021,855.641,-0.369841,-1.92297
1,2021-07-01,North Pemba,635.128,7,2021,924.211,-0.312789,-1.6345
1,2021-08-01,North Pemba,1112.98,8,2021,992.641,0.121226,0.560009
1,2021-09-01,North Pemba,863.121,9,2021,1217.6,-0.291131,-1.52499
1,2021-10-01,North Pemba,885.768,10,2021,1143.8,-0.225595,-1.19362
1,2021-11-01,North Pemba,915.214,11,2021,1162.82,-0.212934,-1.1296
1,2021-12-01,North Pemba,878.213,12,2021,901.91,-0.0262737,-0.185794
1,2022-01-01,North Pemba,653.104,1,2022,719.148,-0.0918364,-0.517299
1,2022-02-01,North Pemba,919.463,2,2022,911.671,0.00854732,-0.00972897
1,2022-03-01,North Pemba,863.374,3,2022,1093.67,-0.21057,-1.11765
1,2022-04-01,North Pemba,1080.12,4,2022,1047.06,0.0315756,0.106709
1,2022-05-01,North Pemba,738.302,5,2022,975.852,-0.243428,-1.28379
1,2022-06-01,North Pemba,797.689,6,2022,769.474,0.0366674,0.132454
0.996273,2022-07-01,North Pemba,729.944,7,2022,892.605,-0.182231,-0.974363
1,2022-08-01,North Pemba,949.46,8,2022,1047.15,-0.0932879,-0.524638
1,2022-09-01,North Pemba,1210.17,9,2022,1101.92,0.0982357,0.443762
1,2022-10-01,North Pemba,1284.87,10,2022,1010.77,0.271175,1.3182
1,2022-11-01,North Pemba,959.041,11,2022,1148.21,-0.16475,-0.88597
1,2022-12-01,North Pemba,812.475,12,2022,923.823,-0.120529,-0.662378
1,2023-01-01,North Pemba,727.226,1,2023,694.44,0.0472128,0.185775
1,2023-02-01,North Pemba,974.495,2,2023,893.327,0.0908598,0.406468
1,2023-03-01,North Pemba,1326.87,3,2023,939.169,0.412812,2.03435
0.999089,2023-04-01,North Pemba,1113.74,4,2023,1035.85,0.0751912,0.327242
1,2023-05-01,North Pemba,905.239,5,2023,920.206,-0.0162646,-0.135186
1,2023-06-01,North Pemba,813.623,6,2023,764.163,0.064724,0.274317
1,2023-07-01,North Pemba,942.099,7,2023,821.887,0.146263,0.686604
1,2023-08-01,North Pemba,886.646,8,2023,1068.08,-0.169872,-0.911872
1,2023-09-01,North Pemba,1186.91,9,2023,1109.67,0.0695998,0.298971
1,2023-10-01,North Pemba,1057.25,10,2023,1086.64,-0.0270524,-0.189732
1,2023-11-01,North Pemba,1289.5,11,2023,1038.05,0.242231,1.17184
1,2023-12-01,North Pemba,943.002,12,2023,880.314,0.0712107,0.307116
1,2024-01-01,North Pemba,805.697,1,2024,668.283,0.205622,0.98674
1,2024-02-01,North Pemba,1098.49,2,2024,851.995,0.289315,1.40992
1,2024-03-01,North Pemba,954.028,3,2024,1063.45,-0.102894,-0.573207
0.876394,2024-04-01,North Pemba,1026.59,4,2024,1064.9,-0.0359715,-0.234829
1,2024-05-01,North Pemba,1124.09,5,2024,847.256,0.326739,1.59914
1,2024-06-04,North Pemba,955.61,6,2024,716.834,0.333099,1.6313
1,2024-07-01,North Pemba,1100.59,7,2024,769.057,0.431089,2.12677
1,2024-08-01,North Pemba,1141.82,8,2024,983.027,0.161532,0.763805
1,2024-09-01,North Pemba,1255.73,9,2024,1086.73,0.155513,0.733371
1,2024-10-01,North Pemba,1089.3,10,2024,1075.96,0.0123956,0.00972897
1,2024-11-01,North Pemba,1239.91,11,2024,1054.59,0.17573,0.835594
1,2024-12-01,North Pemba,950.253,12,2024,877.897,0.08242,0.363793
0.999992,2021-01-01,Pwani,36744.6,1,2021,41640.2,-0.117568,-0.70459
0.989091,2021-02-01,Pwani,37584.9,2,2021,56205.3,-0.331292,-1.82019
1,2021-03-01,Pwani,52209,3,2021,57920.4,-0.0986072,-0.605618
0.999984,2021-04-01,Pwani,56969.7,4,2021,62002.5,-0.0811714,-0.514606
1,2021-05-01,Pwani,54781.6,5,2021,52636.4,0.0407563,0.121832
1,2021-06-01,Pwani,30871.2,6,2021,48234.4,-0.359976,-1.96991
1,2021-07-01,Pwani,36240.4,7,2021,53632,-0.324276,-1.78356
1,2021-08-01,Pwani,63193.4,8,2021,55762.4,0.133263,0.6047
1,2021-09-01,Pwani,54618.5,9,2021,71053.9,-0.231309,-1.29829
1,2021-10-01,Pwani,51145.3,10,2021,64901.7,-0.211956,-1.19728
1,2021-11-01,Pwani,52855.8,11,2021,67693.9,-0.219194,-1.23505
1,2021-12-01,Pwani,49089.4,12,2021,51042.5,-0.0382643,-0.29064
1,2022-01-01,Pwani,41193,1,2022,39416,0.0450848,0.144426
0.9884,2022-02-01,Pwani,47413.8,2,2022,52929,-0.1042,-0.634811
1,2022-03-01,Pwani,47281.3,3,2022,59562.9,-0.206196,-1.16721
1,2022-04-01,Pwani,55504.4,4,2022,62491,-0.111802,-0.674491
1,2022-05-01,Pwani,46119.1,5,2022,55523.9,-0.169382,-0.975046
1,2022-06-01,Pwani,45204.2,6,2022,43456.7,0.0402123,0.118992
0.986552,2022-07-01,Pwani,49925,7,2022,49070.4,0.017416,0
1,2022-08-01,Pwani,53450.8,8,2022,59009.9,-0.0942067,-0.582648
1,2022-09-01,Pwani,70283.7,9,2022,65832.1,0.067619,0.26205
1,2022-10-01,Pwani,70509.6,10,2022,58446.9,0.206387,0.986392
1,2022-11-01,Pwani,56471.4,11,2022,66488.7,-0.150662,-0.877335
1,2022-12-01,Pwani,44542.5,12,2022,52558.2,-0.152509,-0.886977
1,2023-01-01,Pwani,42087.3,1,2023,38968.8,0.0800252,0.326808
0.999985,2023-02-01,Pwani,57384.9,2,2023,49605.4,0.156828,0.727703
1,2023-03-01,Pwani,72544.3,3,2023,51141.9,0.418489,2.09352
0.992757,2023-04-01,Pwani,71037,4,2023,57313.4,0.239448,1.15896
1,2023-05-01,Pwani,50129.6,5,2023,54187,-0.0748785,-0.481759
1,2023-06-01,Pwani,45948.8,6,2023,43208.5,0.0634207,0.240135
1,2023-07-01,Pwani,52097.6,7,2023,48346.3,0.0775931,0.314113
1,2023-08-01,Pwani,49521.8,8,2023,60319.6,-0.17901,-1.0253
1,2023-09-01,Pwani,65812.5,9,2023,67322.5,-0.0224295,-0.207986
1,2023-10-01,Pwani,59656.9,10,2023,62064.5,-0.0387911,-0.29339
1,2023-11-01,Pwani,75991,11,2023,59982.2,0.266893,1.30222
1,2023-12-01,Pwani,53430.7,12,2023,49595.4,0.0773323,0.312751
1,2024-02-01,Pwani,63817.3,2,2024,47461.2,0.34462,1.70794
1,2024-03-01,Pwani,53935.6,3,2024,57344.8,-0.0594522,-0.401237
0.990431,2024-04-01,Pwani,59466.2,4,2024,61170.3,-0.0278588,-0.236325
1,2024-05-01,Pwani,61660.3,5,2024,50343.5,0.224794,1.08247
1,2024-06-04,Pwani,53550.1,6,2024,40674.7,0.316545,1.56139
1,2024-07-01,Pwani,58873.3,7,2024,46087.7,0.27742,1.35717
1,2024-08-01,Pwani,64314.5,8,2024,55388.7,0.161149,0.750259
1,2024-09-01,Pwani,77065.4,9,2024,63571.6,0.212263,1.01706
1,2024-10-01,Pwani,64538.4,10,2024,60437.3,0.0678581,0.263298
1,2024-11-01,Pwani,70619.3,11,2024,61772.7,0.143212,0.656628
1,2024-12-01,Pwani,55154.3,12,2024,49020.9,0.125118,0.562183
0.96619,2021-03-01,Rukwa,31775.2,3,2021,32772.5,-0.0304305,-0.0497071
0.924712,2021-04-01,Rukwa,37604.1,4,2021,45505,-0.173626,-0.777148
1,2021-05-01,Rukwa,30248.9,5,2021,30886.6,-0.0206458,0
1,2021-06-01,Rukwa,19544,6,2021,25064.5,-0.220255,-1.01403
1,2021-07-01,Rukwa,26217.9,7,2021,27629.5,-0.0510905,-0.154661
1,2021-08-01,Rukwa,50491.6,8,2021,40592.7,0.243861,1.34371
1,2021-09-01,Rukwa,34526.2,9,2021,42165.4,-0.181172,-0.815484
1,2021-10-01,Rukwa,33590.1,10,2021,40669.2,-0.174065,-0.77938
1,2021-11-01,Rukwa,31650.4,11,2021,41996.4,-0.246356,-1.14662
0.99891,2021-12-01,Rukwa,34391.9,12,2021,35241.6,-0.0241091,-0.0175941
0.886973,2022-03-01,Rukwa,30892.6,3,2022,33066.7,-0.0657499,-0.229132
0.994326,2022-04-01,Rukwa,35508,4,2022,46203.6,-0.231488,-1.07109
1,2022-05-01,Rukwa,28067.8,5,2022,31613.6,-0.112163,-0.464912
1,2022-06-01,Rukwa,24828.3,6,2022,23303.1,0.06545,0.437372
0.999947,2022-07-01,Rukwa,16875.8,7,2022,30743.5,-0.451076,-2.18661
1,2022-08-01,Rukwa,35852.8,8,2022,45472.3,-0.211546,-0.969785
1,2022-09-01,Rukwa,42254.7,9,2022,39589.3,0.0673258,0.446901
1,2022-10-01,Rukwa,42081.5,10,2022,37838.8,0.112126,0.674491
0.929228,2022-11-01,Rukwa,38980,11,2022,38331.6,0.0169139,0.190806
0.804762,2023-02-01,Rukwa,29196.8,2,2023,29196.8,0,0.104882
0.923681,2023-03-01,Rukwa,36001.8,3,2023,31363.7,0.147882,0.85613
0.99953,2023-04-01,Rukwa,44224.4,4,2023,43298.2,0.0213919,0.213554
1,2023-05-01,Rukwa,27501.7,5,2023,31802.3,-0.135231,-0.582101
1,2023-06-01,Rukwa,24947.8,6,2023,23263.3,0.0724113,0.472736
1,2023-07-01,Rukwa,31845.6,7,2023,25753.5,0.236552,1.30658
1,2023-08-01,Rukwa,38176.4,8,2023,44697.7,-0.145897,-0.636284
1,2023-09-01,Rukwa,38018.5,9,2023,41001.3,-0.0727489,-0.264687
1,2023-10-01,Rukwa,41944,10,2023,37884.6,0.107151,0.649215
0.995201,2023-12-01,Rukwa,40374.6,12,2023,32250.2,0.251917,1.38464
0.996154,2024-03-01,Rukwa,31423.2,3,2024,32889.9,-0.0445941,-0.121659
0.905681,2024-04-01,Rukwa,56782.4,4,2024,39112.2,0.451783,2.39997
1,2024-05-01,Rukwa,37090.3,5,2024,28606.1,0.296588,1.61156
1,2024-06-04,Rukwa,25417.6,6,2024,23106.7,0.100009,0.612933
1,2024-07-01,Rukwa,34167,7,2024,24979.8,0.367786,1.97326
1,2024-08-01,Rukwa,47748.7,8,2024,41507,0.150379,0.868817
1,2024-09-01,Rukwa,46223.1,9,2024,38266.5,0.207927,1.16116
1,2024-10-01,Rukwa,37982.2,10,2024,39205.2,-0.0311948,-0.0535897
0.96968,2024-11-01,Rukwa,45012.9,11,2024,35315.2,0.274606,1.4999
0.971355,2024-12-01,Rukwa,30108.5,12,2024,37383.3,-0.194599,-0.883692
0.994534,2021-03-01,Ruvuma,81032.3,3,2021,76182.9,0.0636551,0.374642
0.999995,2021-04-01,Ruvuma,93848.2,4,2021,95877.7,-0.0211682,-0.146456
1,2021-05-01,Ruvuma,69149.5,5,2021,66271,0.043435,0.250423
1,2021-06-01,Ruvuma,40003.1,6,2021,55059.3,-0.273453,-1.69633
1,2021-07-01,Ruvuma,43819.7,7,2021,60248.4,-0.272683,-1.6916
1,2021-08-01,Ruvuma,91181.5,8,2021,70750.2,0.288781,1.75767
1,2021-09-01,Ruvuma,75892.1,9,2021,90574,-0.162098,-1.01224
1,2021-10-01,Ruvuma,84311.8,10,2021,102800,-0.179846,-1.12127
1,2021-11-01,Ruvuma,101202,11,2021,101009,0.00191145,-0.00467026
1,2021-12-01,Ruvuma,88649.3,12,2021,69832.4,0.269458,1.63896
0.849556,2022-02-01,Ruvuma,71789.9,2,2022,80914.8,-0.112771,-0.709205
0.999398,2022-03-01,Ruvuma,73732.7,3,2022,78616.1,-0.0621174,-0.398022
0.999996,2022-04-01,Ruvuma,78089,4,2022,101131,-0.227842,-1.41612
1,2022-05-01,Ruvuma,60588.1,5,2022,69124.8,-0.123497,-0.775097
1,2022-06-01,Ruvuma,51228.9,6,2022,51317.3,-0.00172322,-0.0269993
0.979079,2022-07-01,Ruvuma,51963.6,7,2022,57533.7,-0.0968145,-0.611177
1,2022-08-01,Ruvuma,61013.6,8,2022,80806.1,-0.244939,-1.52115
1,2022-09-01,Ruvuma,89221.9,9,2022,86130.8,0.0358894,0.204068
1,2022-10-01,Ruvuma,104206,10,2022,96168.6,0.0835742,0.497012
1,2022-11-01,Ruvuma,86622.7,11,2022,105868,-0.181788,-1.1332
0.989033,2023-01-01,Ruvuma,48966.9,1,2023,48966.9,0,-0.016413
0.985967,2023-02-01,Ruvuma,80914.8,2,2023,71789.9,0.127105,0.764437
0.915179,2023-03-01,Ruvuma,82170.1,3,2023,75803.7,0.0839854,0.499538
0.999573,2023-04-01,Ruvuma,87923.5,4,2023,97852.6,-0.10147,-0.639776
1,2023-05-01,Ruvuma,62809.7,5,2023,68384.2,-0.0815174,-0.517202
1,2023-06-01,Ruvuma,55084.1,6,2023,50032.3,0.100972,0.603891
1,2023-07-01,Ruvuma,56285.6,7,2023,56093.1,0.00343188,0.00467026
1,2023-08-01,Ruvuma,61871.9,8,2023,80520,-0.231597,-1.43919
1,2023-09-01,Ruvuma,91214.3,9,2023,85466.6,0.0672499,0.396727
1,2023-10-01,Ruvuma,107947,10,2023,94921.4,0.137228,0.826626
1,2023-11-01,Ruvuma,112143,11,2023,97361.4,0.151826,0.916307
1,2023-12-01,Ruvuma,79504.6,12,2023,74404.7,0.068542,0.404664
1,2024-03-01,Ruvuma,72646,3,2024,78978.4,-0.0801789,-0.508979
0.97315,2024-04-01,Ruvuma,121621,4,2024,86620.2,0.404068,2.46592
1,2024-05-01,Ruvuma,75415.1,5,2024,64182.4,0.175012,1.05875
1,2024-06-04,Ruvuma,58864.8,6,2024,48772.1,0.206936,1.25487
1,2024-07-01,Ruvuma,72495.9,7,2024,50689.6,0.430193,2.62641
1,2024-08-01,Ruvuma,89365,8,2024,71355.6,0.252389,1.5341
1,2024-09-01,Ruvuma,91285.8,9,2024,85442.8,0.0683856,0.403703
1,2024-10-01,Ruvuma,96246.7,10,2024,98821.6,-0.0260562,-0.176485
1,2024-11-01,Ruvuma,104260,11,2024,99989.3,0.0427093,0.245965
0.999961,2024-12-01,Ruvuma,60160.2,12,2024,84076.9,-0.284463,-1.76397
0.97732,2021-01-01,Shinyanga,14820.1,1,2021,17126.3,-0.134656,-0.689947
0.985245,2021-02-01,Shinyanga,17378.1,2,2021,24975.8,-0.304205,-1.41155
1,2021-03-01,Shinyanga,27211,3,2021,26233.1,0.0372768,0.0417989
0.951603,2021-04-01,Shinyanga,23494.3,4,2021,32648.1,-0.280376,-1.31013
1,2021-05-01,Shinyanga,24862.3,5,2021,25692,-0.0322926,-0.254288
1,2021-06-01,Shinyanga,15369.4,6,2021,22443.8,-0.315207,-1.45837
1,2021-07-01,Shinyanga,19064.4,7,2021,23136.3,-0.175994,-0.865883
1,2021-08-01,Shinyanga,33693,8,2021,28907.8,0.165532,0.587652
1,2021-09-01,Shinyanga,25587.4,9,2021,33057.6,-0.225976,-1.0786
1,2021-10-01,Shinyanga,23358.7,10,2021,31958.2,-0.269086,-1.26208
1,2021-11-01,Shinyanga,21828.8,11,2021,33937.7,-0.356798,-1.63538
0.988788,2021-12-01,Shinyanga,26846.7,12,2021,25027.3,0.0726956,0.192541
0.984206,2022-01-01,Shinyanga,15706.8,1,2022,16830.8,-0.0667801,-0.401067
0.896168,2022-02-01,Shinyanga,22644.2,2,2022,23220.4,-0.0248171,-0.222472
1,2022-03-01,Shinyanga,20984.5,3,2022,28308.6,-0.258726,-1.21799
0.990509,2022-04-01,Shinyanga,28769,4,2022,30889.8,-0.0686562,-0.409052
1,2022-05-01,Shinyanga,22766.2,5,2022,26390.7,-0.137337,-0.701358
1,2022-06-01,Shinyanga,21902.7,6,2022,20266,0.0807578,0.226854
1,2022-07-01,Shinyanga,15912,7,2022,24187.1,-0.342127,-1.57295
1,2022-08-01,Shinyanga,24805.5,8,2022,31870.3,-0.221674,-1.06029
1,2022-09-01,Shinyanga,31808.9,9,2022,30983.8,0.02663,-0.00351394
1,2022-10-01,Shinyanga,37437.8,10,2022,27265.2,0.373098,1.47106
0.981835,2023-01-01,Shinyanga,18970.5,1,2023,15742.9,0.205024,0.75573
0.976675,2023-02-01,Shinyanga,25825.6,2,2023,22160,0.165418,0.587168
0.924009,2023-03-01,Shinyanga,29345.2,3,2023,25521.7,0.149811,0.520746
1,2023-04-01,Shinyanga,35876,4,2023,28520.8,0.25789,0.980728
1,2023-05-01,Shinyanga,24541.8,5,2023,25798.8,-0.0487245,-0.324223
1,2023-06-01,Shinyanga,21527.3,6,2023,20391.2,0.0557149,0.120271
1,2023-07-01,Shinyanga,26281.6,7,2023,20730.6,0.26777,1.02278
1,2023-08-01,Shinyanga,25944.3,8,2023,31490.7,-0.17613,-0.866461
1,2023-09-01,Shinyanga,32095.2,9,2023,30888.3,0.039073,0.0494435
1,2023-10-01,Shinyanga,28000.7,10,2023,30410.9,-0.0792547,-0.454159
0.989567,2023-11-01,Shinyanga,30737.2,11,2023,29483.6,0.0425183,0.0641068
0.981622,2023-12-01,Shinyanga,25617.2,12,2023,25642.1,-0.000968757,-0.120974
0.98311,2024-01-01,Shinyanga,16701.6,1,2024,16499.2,0.012271,-0.0646259
1,2024-02-01,Shinyanga,26457.6,2,2024,21949.3,0.205399,0.757328
1,2024-03-01,Shinyanga,28369.7,3,2024,25846.9,0.0976075,0.298567
0.904814,2024-04-01,Shinyanga,33299.1,4,2024,29379.8,0.133401,0.450904
1,2024-05-01,Shinyanga,29767.9,5,2024,24056.8,0.237401,0.893529
1,2024-06-04,Shinyanga,23901.5,6,2024,19599.8,0.219478,0.817247
1,2024-07-01,Shinyanga,27215.2,7,2024,20419.3,0.332816,1.29962
1,2024-08-01,Shinyanga,35973.7,8,2024,28147.6,0.278038,1.06648
1,2024-09-01,Shinyanga,35268.7,9,2024,29830.5,0.182304,0.659035
1,2024-10-01,Shinyanga,30436.2,10,2024,29599.1,0.0282813,0.00351394
0.997061,2024-11-01,Shinyanga,37138.3,11,2024,26283,0.413017,1.64095
0.998915,2024-12-01,Shinyanga,24437.4,12,2024,26232,-0.0684103,-0.408005
0.993757,2021-01-01,Simiyu,18726.2,1,2021,20923.2,-0.105004,-0.160777
0.922275,2021-02-01,Simiyu,26698.8,2,2021,31813.2,-0.160763,-0.376847
1,2021-03-01,Simiyu,39931.9,3,2021,30067.4,0.32808,1.51747
0.976008,2021-04-01,Simiyu,33018,4,2021,45360.6,-0.272099,-0.808286
0.988136,2021-05-01,Simiyu,37037.9,5,2021,33017,0.121784,0.71805
1,2021-06-01,Simiyu,23963.7,6,2021,33124.6,-0.276557,-0.82556
1,2021-07-01,Simiyu,37887.6,7,2021,44024.7,-0.139402,-0.294072
1,2021-08-01,Simiyu,45980.6,8,2021,34424.2,0.335705,1.54702
1,2021-09-01,Simiyu,33362.7,9,2021,43758.5,-0.237572,-0.674491
1,2021-10-01,Simiyu,29545.8,10,2021,37569.5,-0.213569,-0.581477
0.999895,2021-11-01,Simiyu,24253,11,2021,39282.9,-0.382607,-1.23651
0.996465,2021-12-01,Simiyu,35428.9,12,2021,29548,0.199028,1.01738
0.999974,2022-01-01,Simiyu,18643,1,2022,20964.9,-0.110751,-0.183043
0.939881,2022-02-01,Simiyu,25733,2,2022,32135.1,-0.199225,-0.525892
1,2022-03-01,Simiyu,27303.7,3,2022,36381.5,-0.249516,-0.720772
0.99587,2022-04-01,Simiyu,37447.9,4,2022,43145.6,-0.132059,-0.265615
0.999222,2022-05-01,Simiyu,28808.7,5,2022,35760.1,-0.19439,-0.507153
1,2022-06-01,Simiyu,28824.8,6,2022,31504.2,-0.0850472,-0.0834401
0.999849,2022-07-01,Simiyu,32051.8,7,2022,45969.9,-0.302765,-0.92712
1,2022-08-01,Simiyu,30286.8,8,2022,39655.4,-0.236252,-0.669373
1,2022-09-01,Simiyu,43781.5,9,2022,40285.6,0.0867774,0.582397
1,2022-10-01,Simiyu,42736.9,10,2022,33172.5,0.288326,1.36342
0.979376,2022-11-01,Simiyu,31236.8,11,2022,36954.9,-0.154734,-0.353482
0.996507,2022-12-01,Simiyu,26430.1,12,2022,32547.6,-0.187954,-0.482213
1,2023-01-01,Simiyu,23203.5,1,2023,18684.6,0.241852,1.18333
0.999527,2023-02-01,Simiyu,30256.3,2,2023,30627.3,-0.0121127,0.199188
0.999909,2023-04-01,Simiyu,53273.3,4,2023,35232.9,0.512031,2.2303
1,2023-05-01,Simiyu,30821.6,5,2023,35089.1,-0.12162,-0.225164
1,2023-06-01,Simiyu,28119.4,6,2023,31739.3,-0.11405,-0.19583
1,2023-07-01,Simiyu,50931,7,2023,39676.9,0.283644,1.34528
1,2023-08-01,Simiyu,28405.8,8,2023,40282.4,-0.294834,-0.896386
0.984656,2023-09-01,Simiyu,39167.3,9,2023,41823.7,-0.0635148,0
1,2023-10-01,Simiyu,35009.2,10,2023,35748.4,-0.0206789,0.165993
0.997244,2023-11-01,Simiyu,40666.6,11,2023,33811.7,0.202738,1.03176
0.997941,2023-12-01,Simiyu,32872.1,12,2023,30400.2,0.0813123,0.561219
1,2024-02-01,Simiyu,39450.2,2,2024,27562.7,0.431289,1.91741
1,2024-03-01,Simiyu,32831,3,2024,33617.8,-0.0234033,0.155436
1,2024-05-01,Simiyu,39420.7,5,2024,32222.7,0.223383,1.11176
1,2024-06-04,Simiyu,42429.4,6,2024,26969.3,0.573245,2.46751
0.997678,2024-07-01,Simiyu,49091.3,7,2024,40290.1,0.218444,1.09262
1,2024-08-01,Simiyu,44580,8,2024,34891,0.277691,1.32221
1,2024-09-01,Simiyu,48326.8,9,2024,38770.5,0.246486,1.20128
1,2024-10-01,Simiyu,34962.4,10,2024,35764,-0.0224118,0.159278
0.99994,2024-11-01,Simiyu,45945.3,11,2024,32052.1,0.433456,1.92581
1,2024-12-01,Simiyu,29341.7,12,2024,31577.1,-0.0707901,-0.0281925
0.988772,2021-01-01,Singida,39284.2,1,2021,42201.2,-0.0691196,-0.117762
0.960364,2021-02-01,Singida,52888.1,2,2021,63189.9,-0.163028,-0.546291
0.999985,2021-03-01,Singida,70357.2,3,2021,66894.3,0.0517674,0.433876
0.999502,2021-04-01,Singida,78804.1,4,2021,87031.2,-0.0945303,-0.233717
1,2021-05-01,Singida,62507.7,5,2021,62022,0.0078313,0.233385
1,2021-06-01,Singida,37473.2,6,2021,56808.8,-0.340363,-1.35551
1,2021-07-01,Singida,51305.4,7,2021,62366.2,-0.177354,-0.611661
1,2021-08-01,Singida,85072.1,8,2021,75724.9,0.123437,0.760923
1,2021-09-01,Singida,73118.8,9,2021,84890.4,-0.138668,-0.435128
1,2021-10-01,Singida,67185.9,10,2021,79399.9,-0.153829,-0.504312
1,2021-11-01,Singida,60983.7,11,2021,79606.6,-0.233936,-0.869861
1,2021-12-01,Singida,71352.3,12,2021,59999.3,0.189219,1.0611
0.934376,2022-01-01,Singida,38651.3,1,2022,42517.6,-0.0909354,-0.217313
0.999608,2022-03-01,Singida,55714.8,3,2022,71775.1,-0.223759,-0.823421
1,2022-04-01,Singida,74338.4,4,2022,88519.8,-0.160205,-0.533409
1,2022-05-01,Singida,56438.3,5,2022,64045.2,-0.118773,-0.344345
1,2022-06-01,Singida,54751.5,6,2022,51049.4,0.0725203,0.528577
1,2022-07-01,Singida,50368.1,7,2022,62678.7,-0.196408,-0.698611
1,2022-08-01,Singida,67278.2,8,2022,81656.1,-0.176079,-0.605845
1,2022-09-01,Singida,86255,9,2022,80511.7,0.0713347,0.523167
1,2022-10-01,Singida,93660.4,10,2022,70575.1,0.327103,1.6903
1,2022-11-01,Singida,61897.6,11,2022,79302,-0.219469,-0.803847
0.901617,2022-12-01,Singida,55001,12,2022,65449.7,-0.159644,-0.530849
0.999985,2023-01-01,Singida,45751,1,2023,38967.7,0.174074,0.991994
0.970012,2023-02-01,Singida,58650.1,2,2023,60308.9,-0.0275039,0.0721415
0.962169,2023-03-01,Singida,80951.3,3,2023,63362.9,0.277583,1.46433
0.999561,2023-04-01,Singida,93699.6,4,2023,82066.1,0.141758,0.844528
1,2023-05-01,Singida,56932.2,5,2023,63880.5,-0.10877,-0.298696
1,2023-06-01,Singida,56553,6,2023,50448.9,0.120996,0.749786
1,2023-07-01,Singida,67222.7,7,2023,57060.5,0.178096,1.01035
1,2023-08-01,Singida,60208.6,8,2023,84012.7,-0.283339,-1.0953
1,2023-09-01,Singida,77976.9,9,2023,83271.1,-0.0635773,-0.092471
1,2023-10-01,Singida,72910.3,10,2023,77491.8,-0.0591223,-0.0721415
0.999902,2023-11-01,Singida,89981.1,11,2023,69940.8,0.286532,1.50517
0.99895,2023-12-01,Singida,67400,12,2023,61316.7,0.0992104,0.650371
0.987392,2024-02-01,Singida,67729.6,2,2024,55769.1,0.214464,1.1763
0.999951,2024-03-01,Singida,64016.7,3,2024,69007.8,-0.072326,-0.132393
0.966183,2024-04-01,Singida,93055.6,4,2024,82280.7,0.130953,0.795219
1,2024-05-01,Singida,72695.5,5,2024,58626.1,0.239986,1.29277
1,2024-06-04,Singida,59121.9,6,2024,49592.6,0.192153,1.07449
1,2024-07-01,Singida,69507.9,7,2024,56298.7,0.234627,1.26831
1,2024-08-01,Singida,99687.7,8,2024,70853,0.406966,2.05474
1,2024-09-01,Singida,90439.3,9,2024,79116.9,0.14311,0.850697
1,2024-10-01,Singida,71629,10,2024,77918.8,-0.0807228,-0.17071
1,2024-11-01,Singida,86941.1,11,2024,70954.2,0.225313,1.22581
0.998921,2024-12-01,Singida,57596.8,12,2024,64584.4,-0.108193,-0.296065
1,2021-01-01,South Pemba,616.517,1,2021,729.465,-0.154836,-0.975896
0.999889,2021-02-01,South Pemba,616.31,2,2021,922.461,-0.331885,-1.98118
1,2021-03-01,South Pemba,896.359,3,2021,953.692,-0.0601169,-0.438077
1,2021-04-01,South Pemba,952.167,4,2021,952.821,-0.000687165,-0.100634
1,2021-05-01,South Pemba,812.712,5,2021,839.758,-0.0322065,-0.279601
1,2021-06-01,South Pemba,507.228,6,2021,798.573,-0.364832,-2.16826
1,2021-07-01,South Pemba,614.241,7,2021,817.734,-0.24885,-1.50971
1,2021-08-01,South Pemba,1012.99,8,2021,925.041,0.0950746,0.443103
1,2021-09-01,South Pemba,820.184,9,2021,1139.89,-0.280472,-1.68926
1,2021-10-01,South Pemba,843.527,10,2021,1053.57,-0.199366,-1.22874
1,2021-11-01,South Pemba,876.093,11,2021,1084.38,-0.192082,-1.18738
1,2021-12-01,South Pemba,839.393,12,2021,867.283,-0.0321574,-0.279322
1,2022-01-01,South Pemba,676.573,1,2022,709.446,-0.0463365,-0.359832
1,2022-02-01,South Pemba,867.787,2,2022,838.636,0.0347597,0.100634
1,2022-03-01,South Pemba,804.578,3,2022,984.286,-0.182576,-1.1334
1,2022-04-01,South Pemba,998.662,4,2022,937.323,0.0654402,0.274838
1,2022-05-01,South Pemba,691.109,5,2022,880.293,-0.21491,-1.317
1,2022-06-01,South Pemba,761.911,6,2022,713.679,0.0675823,0.287001
0.996741,2022-07-01,South Pemba,659.678,7,2022,802.588,-0.178062,-1.10777
1,2022-08-01,South Pemba,885.523,8,2022,967.529,-0.0847576,-0.577987
1,2022-09-01,South Pemba,1113.64,9,2022,1042.07,0.0686783,0.293225
1,2022-10-01,South Pemba,1175.18,10,2022,943.024,0.246179,1.30108
1,2022-11-01,South Pemba,941.742,11,2022,1062.5,-0.113655,-0.742068
1,2022-12-01,South Pemba,757.837,12,2022,894.468,-0.15275,-0.964051
1,2023-01-01,South Pemba,739.482,1,2023,688.477,0.0740841,0.323919
1,2023-02-01,South Pemba,920.014,2,2023,821.227,0.120292,0.586287
1,2023-03-01,South Pemba,1180.44,3,2023,858.999,0.3742,2.02798
1,2023-04-01,South Pemba,929.082,4,2023,960.516,-0.0327262,-0.282552
1,2023-05-01,South Pemba,858.851,5,2023,824.379,0.0418161,0.1407
1,2023-06-01,South Pemba,773.924,6,2023,709.674,0.0905337,0.41732
1,2023-07-01,South Pemba,909.614,7,2023,719.276,0.264624,1.40581
1,2023-08-01,South Pemba,822.799,8,2023,988.437,-0.167576,-1.04823
1,2023-09-01,South Pemba,1150.11,9,2023,1029.92,0.116706,0.565929
1,2023-10-01,South Pemba,989.085,10,2023,1005.05,-0.0158896,-0.186954
1,2023-11-01,South Pemba,1154.16,11,2023,991.693,0.163832,0.833506
1,2023-12-01,South Pemba,901.427,12,2023,846.605,0.0647557,0.270951
0.999581,2024-01-01,South Pemba,772.34,1,2024,677.524,0.139945,0.697876
1,2024-02-01,South Pemba,979.584,2,2024,801.37,0.222386,1.16598
1,2024-03-01,South Pemba,876.061,3,2024,960.458,-0.087872,-0.595671
0.858616,2024-04-01,South Pemba,930.72,4,2024,959.97,-0.0304695,-0.269739
1,2024-05-01,South Pemba,969.315,5,2024,787.557,0.230786,1.21368
1,2024-06-04,South Pemba,859.884,6,2024,681.021,0.262641,1.39455
1,2024-07-01,South Pemba,883.91,7,2024,727.845,0.214421,1.12075
1,2024-08-01,South Pemba,1066.8,8,2024,907.104,0.17605,0.902884
1,2024-09-01,South Pemba,1155.92,9,2024,1027.98,0.12446,0.609955
1,2024-10-01,South Pemba,996.461,10,2024,1002.6,-0.00611976,-0.13148
1,2024-11-01,South Pemba,1157.24,11,2024,990.666,0.168148,0.858013
1,2024-12-01,South Pemba,942.583,12,2024,832.886,0.131708,0.651106
0.961812,2021-02-01,Tabora,76728.1,2,2021,91035.4,-0.157162,-0.595331
0.999944,2021-03-01,Tabora,96940.2,3,2021,99321.2,-0.0239733,-0.106892
0.956456,2021-04-01,Tabora,111818,4,2021,139922,-0.20085,-0.75555
1,2021-05-01,Tabora,94752.9,5,2021,89371.3,0.0602163,0.201855
1,2021-06-01,Tabora,51718.8,6,2021,76374.7,-0.322828,-1.20288
1,2021-07-01,Tabora,65891,7,2021,78175.2,-0.157137,-0.59524
1,2021-08-01,Tabora,134950,8,2021,106694,0.264829,0.952227
1,2021-09-01,Tabora,97521,9,2021,124507,-0.216742,-0.813828
1,2021-10-01,Tabora,102250,10,2021,117435,-0.129303,-0.493167
1,2021-11-01,Tabora,89587.9,11,2021,114413,-0.216979,-0.814696
0.978791,2021-12-01,Tabora,111220,12,2021,91474.2,0.215863,0.772655
0.968363,2022-03-01,Tabora,83033.1,3,2022,103957,-0.201274,-0.757103
0.999915,2022-04-01,Tabora,109801,4,2022,140594,-0.219019,-0.822179
1,2022-05-01,Tabora,84800.2,5,2022,92688.9,-0.0851098,-0.331097
1,2022-06-01,Tabora,76270.4,6,2022,68190.8,0.118485,0.415543
1,2022-07-01,Tabora,57389.9,7,2022,81008.9,-0.291561,-1.08821
1,2022-08-01,Tabora,97182.6,8,2022,119284,-0.185281,-0.698454
1,2022-09-01,Tabora,123011,9,2022,116010,0.0603422,0.202317
1,2022-10-01,Tabora,136915,10,2022,105881,0.293104,1.05592
0.940119,2022-11-01,Tabora,91131,11,2022,113899,-0.199894,-0.752042
0.99869,2023-01-01,Tabora,67211.8,1,2023,67211.8,0,-0.0189751
0.990692,2023-03-01,Tabora,114103,3,2023,93600.2,0.219049,0.78434
0.999941,2023-04-01,Tabora,150495,4,2023,127030,0.184719,0.658443
1,2023-05-01,Tabora,80269.6,5,2023,94199.1,-0.147874,-0.561269
1,2023-06-01,Tabora,75536.5,6,2023,68435.5,0.103762,0.361549
1,2023-07-01,Tabora,91527.6,7,2023,69629.7,0.314491,1.13435
1,2023-08-01,Tabora,94239.5,8,2023,120265,-0.2164,-0.812573
1,2023-09-01,Tabora,116858,9,2023,118061,-0.0101926,-0.0563543
0.999937,2023-10-01,Tabora,105976,10,2023,116193,-0.0879324,-0.341448
0.963062,2023-11-01,Tabora,123689,11,2023,103046,0.200321,0.71566
0.977411,2023-12-01,Tabora,98730.3,12,2023,97719.1,0.0103483,0.0189751
0.977614,2024-02-01,Tabora,91035.4,2,2024,76728.1,0.186467,0.664852
0.999918,2024-03-01,Tabora,100827,3,2024,98025.5,0.0285826,0.0858454
0.975982,2024-04-01,Tabora,159469,4,2024,124038,0.285648,1.02858
1,2024-05-01,Tabora,103044,5,2024,86607.5,0.189783,0.677014
1,2024-06-04,Tabora,77317.2,6,2024,67841.9,0.139667,0.493224
1,2024-07-01,Tabora,85608.2,7,2024,71602.8,0.195598,0.698337
1,2024-08-01,Tabora,128661,8,2024,108791,0.182649,0.65085
1,2024-09-01,Tabora,133652,9,2024,112463,0.188407,0.671967
1,2024-10-01,Tabora,109415,10,2024,115047,-0.0489546,-0.198505
0.99614,2024-11-01,Tabora,128420,11,2024,101469,0.265603,0.955064
0.994018,2024-12-01,Tabora,84218.1,12,2024,104975,-0.197734,-0.74412
1,2021-01-01,Tanga,25019.1,1,2021,27574.7,-0.0926782,-0.398683
0.998062,2021-02-01,Tanga,25957.4,2,2021,41148.9,-0.369182,-1.68808
1,2021-03-01,Tanga,43486.8,3,2021,44420.4,-0.0210159,-0.0645058
0.999981,2021-04-01,Tanga,46789.3,4,2021,50431.7,-0.0722245,-0.303303
1,2021-05-01,Tanga,42628.9,5,2021,39655.8,0.0749744,0.383119
1,2021-06-01,Tanga,21857,6,2021,32860.5,-0.334853,-1.528
0.999851,2021-07-01,Tanga,24896,7,2021,37650.2,-0.338754,-1.54619
1,2021-08-01,Tanga,47570,8,2021,41642.4,0.142344,0.697281
1,2021-09-01,Tanga,37166.3,9,2021,49765.8,-0.253176,-1.14712
1,2021-10-01,Tanga,37399.9,10,2021,47181.4,-0.207316,-0.933268
1,2021-11-01,Tanga,39646.4,11,2021,48900.1,-0.189236,-0.848956
1,2021-12-01,Tanga,37700,12,2021,36285.4,0.0389869,0.215301
1,2022-01-01,Tanga,26674.2,1,2022,27023,-0.0129059,-0.0266867
0.99973,2022-02-01,Tanga,37204.5,2,2022,37399.8,-0.00522289,0.00914066
1,2022-03-01,Tanga,35240.3,3,2022,47169.2,-0.252896,-1.14582
1,2022-04-01,Tanga,47409.2,4,2022,50225,-0.0560644,-0.227945
1,2022-05-01,Tanga,34246.3,5,2022,42450,-0.193256,-0.867701
0.999981,2022-06-01,Tanga,31995.9,6,2022,29480.8,0.0853125,0.431328
0.99551,2022-07-01,Tanga,28345.8,7,2022,36500.3,-0.223409,-1.00831
1,2022-08-01,Tanga,41103,8,2022,43798.1,-0.0615335,-0.253448
1,2022-09-01,Tanga,52825.1,9,2022,44546.2,0.18585,0.900155
1,2022-10-01,Tanga,55841,10,2022,41034.4,0.360834,1.71615
1,2022-11-01,Tanga,39834.6,11,2022,48837.3,-0.184341,-0.826127
0.999985,2022-12-01,Tanga,30621.6,12,2022,38644.9,-0.207615,-0.934661
1,2023-01-01,Tanga,26750.7,1,2023,26997.5,-0.00914321,-0.00914066
1,2023-02-01,Tanga,37947.3,2,2023,37152.2,0.0214007,0.133293
0.999963,2023-03-01,Tanga,58889,3,2023,39286.3,0.498971,2.36031
0.999181,2023-04-01,Tanga,52762.5,4,2023,48440.6,0.0892197,0.449548
1,2023-05-01,Tanga,36087.5,5,2023,41836.2,-0.137412,-0.607286
1,2023-06-01,Tanga,30862.3,6,2023,29858.7,0.0336131,0.190242
1,2023-07-01,Tanga,41353.7,7,2023,32164.3,0.285701,1.36579
1,2023-08-01,Tanga,33067.7,8,2023,46476.5,-0.288507,-1.31188
1,2023-09-01,Tanga,45880.3,9,2023,46861.2,-0.0209327,-0.0641179
1,2023-10-01,Tanga,41793.7,10,2023,45716.8,-0.0858147,-0.366677
1,2023-11-01,Tanga,54505.3,11,2023,43947.1,0.240248,1.15383
1,2023-12-01,Tanga,39265.4,12,2023,35763.6,0.0979138,0.49009
0.807182,2024-01-01,Tanga,29299.2,1,2024,26148,0.120513,0.595475
1,2024-02-01,Tanga,48294.8,2,2024,33703.1,0.432948,2.05243
1,2024-03-01,Tanga,39131.8,3,2024,45872.1,-0.146936,-0.651701
0.896627,2024-04-01,Tanga,51123.3,4,2024,48987,0.0436112,0.236865
1,2024-05-01,Tanga,48633.5,5,2024,37654.2,0.291583,1.39322
1,2024-06-04,Tanga,35723.1,6,2024,28238.4,0.265054,1.2695
1,2024-07-01,Tanga,43251.1,7,2024,31531.8,0.371664,1.76665
1,2024-08-01,Tanga,50756.6,8,2024,40580.3,0.25077,1.20289
1,2024-09-01,Tanga,50592.1,9,2024,45290.6,0.117056,0.579356
1,2024-10-01,Tanga,43909.6,10,2024,45011.5,-0.0244812,-0.0806652
1,2024-11-01,Tanga,52360.3,11,2024,44662.1,0.172365,0.837275
1,2024-12-01,Tanga,38969.2,12,2024,35862.3,0.0866329,0.437485
1,2021-01-01,Zanzibar North,1026.01,1,2021,1576.18,-0.349051,-0.787058
1,2021-02-01,Zanzibar North,976.223,2,2021,1940.9,-0.497024,-1.1595
1,2021-03-01,Zanzibar North,1381.8,3,2021,2053.66,-0.327153,-0.731941
1,2021-04-01,Zanzibar North,1422.63,4,2021,1992.38,-0.285963,-0.628268
1,2021-05-01,Zanzibar North,1400.24,5,2021,1980.13,-0.292857,-0.645621
1,2021-06-01,Zanzibar North,967.65,6,2021,1939.36,-0.501046,-1.16962
1,2021-07-01,Zanzibar North,1062.65,7,2021,1998.05,-0.468156,-1.08684
1,2021-08-01,Zanzibar North,1521.19,8,2021,2054.48,-0.259573,-0.561846
1,2021-09-01,Zanzibar North,1327.76,9,2021,2337.82,-0.432053,-0.995968
1,2021-10-01,Zanzibar North,1433.02,10,2021,2355.91,-0.391736,-0.894492
1,2021-11-01,Zanzibar North,1456.26,11,2021,2427.43,-0.400082,-0.9155
1,2021-12-01,Zanzibar North,1505.33,12,2021,2173.73,-0.307489,-0.682449
1,2022-01-01,Zanzibar North,1219.19,1,2022,1511.78,-0.193537,-0.395639
1,2022-02-01,Zanzibar North,1498.66,2,2022,1766.75,-0.151743,-0.290446
1,2022-03-01,Zanzibar North,1463.29,3,2022,2026.5,-0.277925,-0.608037
1,2022-04-01,Zanzibar North,1741.78,4,2022,1886,-0.0764691,-0.100987
1,2022-05-01,Zanzibar North,1386.9,5,2022,1984.58,-0.301165,-0.666532
1,2022-06-01,Zanzibar North,1552.16,6,2022,1744.52,-0.110267,-0.186054
0.998559,2022-07-01,Zanzibar North,1208.47,7,2022,1949.44,-0.380096,-0.865196
1,2022-08-01,Zanzibar North,1663.91,8,2022,2006.9,-0.170907,-0.33868
1,2022-09-01,Zanzibar North,1923.82,9,2022,2139.13,-0.100652,-0.161855
1,2022-10-01,Zanzibar North,2055.2,10,2022,2148.52,-0.0434344,-0.0178406
1,2022-11-01,Zanzibar North,1767.76,11,2022,2323.59,-0.239215,-0.510607
1,2022-12-01,Zanzibar North,1794.62,12,2022,2077.3,-0.136081,-0.251026
1,2023-01-01,Zanzibar North,1620.11,1,2023,1378.14,0.175571,0.533382
1,2023-02-01,Zanzibar North,1876.49,2,2023,1640.81,0.143636,0.453002
1,2023-03-01,Zanzibar North,2332.42,3,2023,1736.79,0.342948,0.954658
1,2023-04-01,Zanzibar North,2027.37,4,2023,1790.8,0.132103,0.423976
1,2023-05-01,Zanzibar North,1794.59,5,2023,1848.68,-0.0292579,0.0178406
1,2023-06-01,Zanzibar North,1756.39,6,2023,1676.45,0.0476856,0.211502
1,2023-07-01,Zanzibar North,1873.67,7,2023,1727.71,0.0844831,0.304119
1,2023-08-01,Zanzibar North,1995.19,8,2023,1896.48,0.0520501,0.222487
1,2023-09-01,Zanzibar North,2274.75,9,2023,2022.15,0.124913,0.405878
1,2023-10-01,Zanzibar North,2254.25,10,2023,2082.17,0.0826463,0.299496
1,2023-11-01,Zanzibar North,2610.26,11,2023,2042.76,0.277815,0.790722
1,2023-12-01,Zanzibar North,2110.54,12,2023,1971.99,0.0702576,0.268314
0.963481,2024-01-01,Zanzibar North,1889.23,1,2024,1288.44,0.466294,1.26511
1,2024-02-01,Zanzibar North,2447.54,2,2024,1450.46,0.687428,1.82169
1,2024-03-01,Zanzibar North,2365.28,3,2024,1725.84,0.370514,1.02404
1,2024-04-01,Zanzibar North,2207.99,4,2024,1730.6,0.275857,0.785793
1,2024-05-01,Zanzibar North,2758.92,5,2024,1527.24,0.806468,2.12131
1,2024-06-04,Zanzibar North,2509.53,6,2024,1425.4,0.760579,2.00581
1,2024-07-01,Zanzibar North,2912.01,7,2024,1381.6,1.10771,2.87952
1,2024-08-01,Zanzibar North,2504.33,8,2024,1726.76,0.450304,1.22486
1,2024-09-01,Zanzibar North,2814.88,9,2024,1842.11,0.528078,1.42062
1,2024-10-01,Zanzibar North,2758.28,10,2024,1914.15,0.440994,1.20143
1,2024-11-01,Zanzibar North,2904.26,11,2024,1944.76,0.493377,1.33328
1,2024-12-01,Zanzibar North,2616.02,12,2024,1803.49,0.450531,1.22544
1,2021-01-01,Zanzibar South & Central,1373.05,1,2021,1975.65,-0.30501,-0.836186
0.998834,2021-02-01,Zanzibar South & Central,1159.62,2,2021,2284.54,-0.492405,-1.37311
1,2021-03-01,Zanzibar South & Central,1848.51,3,2021,2395.25,-0.228257,-0.616273
1,2021-04-01,Zanzibar South & Central,1854.72,4,2021,2415.73,-0.232231,-0.627659
1,2021-05-01,Zanzibar South & Central,1753.77,5,2021,2264.31,-0.225473,-0.608294
1,2021-06-01,Zanzibar South & Central,1233.53,6,2021,2222.8,-0.445053,-1.23744
1,2021-07-01,Zanzibar South & Central,1425,7,2021,2327.01,-0.387623,-1.07289
1,2021-08-01,Zanzibar South & Central,2115.05,8,2021,2412.25,-0.123204,-0.315274
1,2021-09-01,Zanzibar South & Central,1792.68,9,2021,2878.18,-0.377147,-1.04287
1,2021-10-01,Zanzibar South & Central,1808.98,10,2021,2739.63,-0.339699,-0.935575
1,2021-11-01,Zanzibar South & Central,1874.24,11,2021,2792.29,-0.32878,-0.90429
1,2021-12-01,Zanzibar South & Central,1862.2,12,2021,2476.54,-0.248062,-0.673017
1,2022-01-01,Zanzibar South & Central,1605.72,1,2022,1898.09,-0.154034,-0.403609
1,2022-02-01,Zanzibar South & Central,1890.82,2,2022,2040.8,-0.0734911,-0.172837
1,2022-03-01,Zanzibar South & Central,1826.18,3,2022,2402.69,-0.239946,-0.649763
1,2022-04-01,Zanzibar South & Central,2098.01,4,2022,2334.64,-0.101356,-0.252676
1,2022-05-01,Zanzibar South & Central,1711,5,2022,2278.57,-0.249091,-0.675964
1,2022-06-01,Zanzibar South & Central,1813.86,6,2022,2029.36,-0.10619,-0.266526
0.998812,2022-07-01,Zanzibar South & Central,1423.82,7,2022,2327.4,-0.388234,-1.07464
1,2022-08-01,Zanzibar South & Central,1935.91,8,2022,2471.96,-0.216853,-0.583596
1,2022-09-01,Zanzibar South & Central,2537.04,9,2022,2630.06,-0.0353704,-0.0636131
1,2022-10-01,Zanzibar South & Central,2564.28,10,2022,2487.87,0.0307161,0.125738
1,2022-11-01,Zanzibar South & Central,1994.3,11,2022,2752.26,-0.275395,-0.751332
1,2022-12-01,Zanzibar South & Central,1967.62,12,2022,2441.4,-0.194063,-0.518298
1,2023-01-01,Zanzibar South & Central,1947.8,1,2023,1784.07,0.0917754,0.300685
1,2023-02-01,Zanzibar South & Central,2278.85,2,2023,1911.46,0.192201,0.588424
1,2023-03-01,Zanzibar South & Central,2698.51,3,2023,2111.92,0.277753,0.833547
1,2023-04-01,Zanzibar South & Central,2468.65,4,2023,2211.09,0.116483,0.371478
1,2023-05-01,Zanzibar South & Central,2170.95,5,2023,2125.25,0.0215059,0.0993487
1,2023-06-01,Zanzibar South & Central,2195.95,6,2023,1901.99,0.154553,0.480555
1,2023-07-01,Zanzibar South & Central,2286.71,7,2023,2039.77,0.121059,0.384589
1,2023-08-01,Zanzibar South & Central,2297.3,8,2023,2351.5,-0.0230493,-0.0283106
1,2023-09-01,Zanzibar South & Central,2818.1,9,2023,2536.38,0.111073,0.355977
1,2023-10-01,Zanzibar South & Central,2500.78,10,2023,2509.03,-0.00328757,0.0283106
1,2023-11-01,Zanzibar South & Central,3046.18,11,2023,2401.64,0.268374,0.806676
1,2023-12-01,Zanzibar South & Central,2361.7,12,2023,2310.04,0.0223651,0.101811
0.938159,2024-01-01,Zanzibar South & Central,2373.42,1,2024,1642.19,0.445278,1.31354
1,2024-02-01,Zanzibar South & Central,2683.94,2,2024,1776.43,0.510865,1.50146
1,2024-03-01,Zanzibar South & Central,2661.06,3,2024,2124.4,0.252617,0.761528
1,2024-04-01,Zanzibar South & Central,2680.54,4,2024,2140.46,0.252322,0.760682
1,2024-05-01,Zanzibar South & Central,2910.98,5,2024,1878.57,0.549568,1.61235
1,2024-06-04,Zanzibar South & Central,2658.58,6,2024,1747.78,0.521119,1.53084
1,2024-07-01,Zanzibar South & Central,3270.49,7,2024,1711.84,0.910505,2.64651
1,2024-08-01,Zanzibar South & Central,3003.54,8,2024,2116.09,0.419383,1.23935
1,2024-09-01,Zanzibar South & Central,3279.41,9,2024,2382.61,0.376395,1.11618
1,2024-10-01,Zanzibar South & Central,3153.83,10,2024,2291.35,0.376407,1.11621
1,2024-11-01,Zanzibar South & Central,3336.38,11,2024,2304.91,0.447511,1.31994
1,2024-12-01,Zanzibar South & Central,3100.3,12,2024,2063.84,0.502197,1.47663
1,2021-01-01,Zanzibar Urban/West,3122.96,1,2021,3565.29,-0.124067,-0.390488
1,2021-02-01,Zanzibar Urban/West,2663.84,2,2021,3683.92,-0.276901,-0.936676
1,2021-03-01,Zanzibar Urban/West,3238.19,3,2021,3856.03,-0.160228,-0.519718
1,2021-04-01,Zanzibar Urban/West,2646.32,4,2021,3701.55,-0.285076,-0.965891
1,2021-05-01,Zanzibar Urban/West,3551.76,5,2021,3911.77,-0.0920324,-0.276007
1,2021-06-01,Zanzibar Urban/West,2939.83,6,2021,4109.55,-0.284635,-0.964317
1,2021-07-01,Zanzibar Urban/West,2790.05,7,2021,3981.53,-0.299251,-1.01655
1,2021-08-01,Zanzibar Urban/West,3103.99,8,2021,3967.66,-0.217678,-0.72503
1,2021-09-01,Zanzibar Urban/West,3243.86,9,2021,4254.36,-0.23752,-0.795939
1,2021-10-01,Zanzibar Urban/West,3273.33,10,2021,4312.23,-0.240918,-0.808084
1,2021-11-01,Zanzibar Urban/West,3269.49,11,2021,4170.29,-0.216004,-0.719046
1,2021-12-01,Zanzibar Urban/West,3434.77,12,2021,4319.86,-0.204889,-0.679324
1,2022-01-01,Zanzibar Urban/West,3140.29,1,2022,3559.51,-0.117774,-0.368
1,2022-02-01,Zanzibar Urban/West,3078.83,2,2022,3545.59,-0.131645,-0.417573
1,2022-03-01,Zanzibar Urban/West,3044.98,3,2022,3920.43,-0.223304,-0.745137
1,2022-04-01,Zanzibar Urban/West,3376.48,4,2022,3458.16,-0.023621,-0.0315236
1,2022-05-01,Zanzibar Urban/West,3179.18,5,2022,4035.97,-0.212289,-0.70577
1,2022-06-01,Zanzibar Urban/West,3578.7,6,2022,3896.6,-0.0815839,-0.238667
1,2022-07-01,Zanzibar Urban/West,2971.06,7,2022,3921.19,-0.242306,-0.813044
1,2022-08-01,Zanzibar Urban/West,3235.48,8,2022,3923.83,-0.175428,-0.574038
1,2022-09-01,Zanzibar Urban/West,3642.83,9,2022,4121.37,-0.116111,-0.362057
1,2022-10-01,Zanzibar Urban/West,3791.2,10,2022,4139.61,-0.0841648,-0.24789
1,2022-11-01,Zanzibar Urban/West,3315.02,11,2022,4155.11,-0.202184,-0.669657
1,2022-12-01,Zanzibar Urban/West,3925.21,12,2022,4156.38,-0.0556177,-0.145871
1,2023-01-01,Zanzibar Urban/West,3852.71,1,2023,3322.04,0.159743,0.62377
1,2023-02-01,Zanzibar Urban/West,3635.77,2,2023,3359.95,0.0820933,0.34627
1,2023-03-01,Zanzibar Urban/West,4197.89,3,2023,3536.13,0.187144,0.721691
1,2023-04-01,Zanzibar Urban/West,3422.3,4,2023,3442.89,-0.00597915,0.0315236
1,2023-05-01,Zanzibar Urban/West,3975.35,5,2023,3770.57,0.0543092,0.246977
1,2023-06-01,Zanzibar Urban/West,4144.95,6,2023,3707.85,0.117884,0.474176
1,2023-07-01,Zanzibar Urban/West,3972.93,7,2023,3587.23,0.107521,0.437143
1,2023-08-01,Zanzibar Urban/West,4373.03,8,2023,3544.64,0.2337,0.888072
1,2023-09-01,Zanzibar Urban/West,4319.87,9,2023,3895.69,0.108885,0.442015
1,2023-10-01,Zanzibar Urban/West,4366.59,10,2023,3947.81,0.10608,0.431991
1,2023-11-01,Zanzibar Urban/West,4389.69,11,2023,3796.89,0.156128,0.610849
1,2023-12-01,Zanzibar Urban/West,4457.95,12,2023,3978.8,0.120425,0.483257
0.995522,2024-01-01,Zanzibar Urban/West,3702.86,1,2024,3371.99,0.0981255,0.403565
1,2024-02-01,Zanzibar Urban/West,4337.16,2,2024,3126.15,0.387382,1.43729
1,2024-03-01,Zanzibar Urban/West,4325.21,3,2024,3493.69,0.238009,0.903469
1,2024-04-01,Zanzibar Urban/West,4305.86,4,2024,3148.37,0.367649,1.36677
1,2024-05-01,Zanzibar Urban/West,4580.79,5,2024,3568.76,0.283578,1.06632
1,2024-06-04,Zanzibar Urban/West,4605.02,6,2024,3554.49,0.29555,1.1091
1,2024-07-01,Zanzibar Urban/West,5000.58,7,2024,3244.68,0.541163,1.98686
1,2024-08-01,Zanzibar Urban/West,4294.47,8,2024,3570.83,0.202652,0.777113
1,2024-09-01,Zanzibar Urban/West,4800.37,9,2024,3735.52,0.28506,1.07162
1,2024-10-01,Zanzibar Urban/West,4778.9,10,2024,3810.37,0.25418,0.961261
1,2024-11-01,Zanzibar Urban/West,4806.16,11,2024,3658.06,0.313853,1.17452
1,2024-12-01,Zanzibar Urban/West,4576.42,12,2024,3939.31,0.161732,0.630877
