shapeID,name,area_km2,n_pixels,sol,rad_km2,sol_per_km2,mean_rad,median_rad,p90_rad,max_rad,lit_area_km2,lit_share,core_area_km2,core_share,pop,pop_inhabited,pop_lit,pop_dark,pop_lit_share,pop_density,sol_per_capita,gini_pixels,gini_pop_light,cv_rad,sol_share_nat,pop_share_nat,light_pop_ratio,parent
72390352B32479700182608,Arusha,1239.52,1250,103.249,102.382,0.0832979,0.0825993,0,0.125194,4.77931,101.143,0.081599,0,0,318695,318695,149183,169512,0.468105,257.112,0.000323975,0.942294,0.695995,4.22883,0.00741605,0.00657472,1.12796,Arusha
72390352B90906351205470,Arusha Urban,266.72,269,339.548,336.685,1.27305,1.26226,0.317089,3.76343,19.7304,139.81,0.524183,0.991559,0.00371761,484535,484535,462653,21882.3,0.954839,1816.65,0.000700771,0.722177,0.355346,1.71032,0.0243886,0.00999604,2.43983,Arusha
72390352B22674606658861,Karatu,3240.86,3269,31.5665,31.3013,0.00974013,0.00965631,0,0,2.89166,35.6978,0.0110149,0,0,246644,246641,36377.1,210264,0.14749,76.1043,0.000127984,0.988619,0.900446,10.6007,0.00226732,0.0050883,0.445594,Arusha
72390352B95731720096997,Longido,8063.46,8127,20.8114,20.6511,0.00258096,0.00256078,0,0,8.26562,9.92233,0.00123053,0,0,129714,129708,8070.97,121637,0.062224,16.0867,0.000160441,0.99925,0.963385,44.1319,0.00149482,0.00267603,0.558597,Arusha
72390352B99598192663387,Meru,1274.23,1285,73.6049,72.9854,0.057764,0.0572801,0,0.11044,3.37428,82.3017,0.0645891,0,0,281273,281273,86500.6,194773,0.307532,220.739,0.000261685,0.940746,0.760139,4.05471,0.0052868,0.00580272,0.911091,Arusha
72390352B11439822404473,Monduli,6977.49,7037,37.8074,37.489,0.00541848,0.00537266,0,0,4.89281,36.6883,0.00525809,0,0,181999,181999,27141.3,154858,0.149129,26.0838,0.000207734,0.994665,0.870755,16.4703,0.00271558,0.00375468,0.723253,Arusha
72390352B42279830137418,Ngorongoro,15904.9,16030,16.6947,16.5684,0.00104966,0.00104147,0,0,2.29204,18.8543,0.00118544,0,0,189447,189433,2933.8,186499,0.0154873,11.9112,8.81236e-05,0.998556,0.982474,29.1503,0.00119913,0.00390832,0.306814,Arusha
72390352B40584164885098,Ilala,363.85,369,1441.07,1421.18,3.96062,3.90534,1.49813,10.8606,37.8283,237.656,0.653171,40.4363,0.111134,1.5081e+06,1.5081e+06,1.45907e+06,49030.6,0.967488,4144.83,0.000955555,0.674977,0.379864,1.46266,0.103507,0.0311123,3.3269,Dar es Salaam
72390352B66429416458525,Kinondoni,543.542,551,2607.61,2572.22,4.79744,4.73251,2.97957,12.8877,31.2364,468.57,0.862068,69.0461,0.12703,1.98365e+06,1.98365e+06,1.96553e+06,18118.8,0.990866,3649.48,0.00131456,0.568589,0.339794,1.17537,0.187296,0.040923,4.5768,Dar es Salaam
72390352B94835751472469,Temeke,723.69,734,1511.27,1490.34,2.08828,2.05895,0,7.40218,35.8966,283.014,0.39107,39.4471,0.0545083,1.61966e+06,1.61966e+06,1.59072e+06,28943.6,0.98213,2238.06,0.000933078,0.827149,0.303161,2.29606,0.10855,0.0334139,3.24864,Dar es Salaam
72390352B69303654086019,Bahi,5635.27,5706,5.32446,5.26029,0.000944846,0.000933134,0,0,0.953078,5.92777,0.00105191,0,0,235811,235811,3612.57,232198,0.0153198,41.8456,2.25793e-05,0.997486,0.980676,20.7296,0.000382439,0.00486483,0.078613,Dodoma
72390352B28140161055022,Chamwino,9142.9,9261,14.5268,14.3501,0.00158886,0.0015686,0,0,1.72038,13.8308,0.00151274,0,0,351723,351720,12545.8,339174,0.03567,38.4695,4.13019e-05,0.996997,0.960189,20.5433,0.00104341,0.0072561,0.143798,Dodoma
72390352B30961702846084,Chemba,7280.93,7361,11.0047,10.8866,0.00151144,0.001495,0,0,1.27721,12.8608,0.00176636,0,0,250140,250140,3672.6,246467,0.0146822,34.3555,4.3994e-05,0.996086,0.976402,18.5402,0.000790429,0.00516043,0.153171,Dodoma
72390352B24669678050336,Dodoma Urban,2598.56,2631,428.175,422.849,0.164774,0.162742,0,0.153766,12.5017,219.242,0.0843705,0.987543,0.000380035,437346,437346,262174,175173,0.599465,168.303,0.000979029,0.954651,0.632227,4.85625,0.0307544,0.00902253,3.40862,Dodoma
72390352B62044183520375,Kondoa,5795.88,5855,31.3638,31.0422,0.00541139,0.00535675,0,0,3.31257,30.6827,0.00529388,0,0,287828,287828,27047,260781,0.0939692,49.6608,0.000108967,0.99523,0.937351,15.3059,0.00225276,0.00593794,0.379383,Dodoma
72390352B66245716936383,Kongwa,3952.32,4001,31.024,30.6418,0.00784956,0.00775406,0,0,2.68765,30.6189,0.00774706,0,0,329761,329761,31574,298187,0.0957481,83.4347,9.40803e-05,0.988468,0.922911,10.6306,0.00222835,0.00680302,0.327553,Dodoma
72390352B74757309381442,Mpwapwa,7453.16,7556,20.1305,19.8665,0.00270094,0.00266418,0,0,2.02024,23.6829,0.00317756,0,0,325163,325162,21351.4,303810,0.0656639,43.6275,6.1909e-05,0.995996,0.948203,17.359,0.00144591,0.00670817,0.215545,Dodoma
72390352B18842274411831,Bukombe,8053.61,8125,25.4733,25.2577,0.00316297,0.00313518,0,0,6.90814,23.797,0.00295483,0,0,259647,258686,28422.5,230263,0.109873,32.2398,9.81076e-05,0.997143,0.909291,27.2574,0.00182967,0.00535656,0.341575,Geita
72390352B63706364179884,Chato,3072.46,3097,9.84497,9.76838,0.00320426,0.00317887,0,0,0.970998,11.9064,0.00387519,0,0,407412,407412,30688,376725,0.0753241,132.601,2.41646e-05,0.993366,0.919917,12.0913,0.000707132,0.00840499,0.0841324,Geita
72390352B97667671873629,Geita,4723.18,4761,310.54,308.068,0.065748,0.0652258,0,0,42.1192,140.863,0.0298238,4.96032,0.00105021,925900,925900,176430,749470,0.19055,196.033,0.000335393,0.986101,0.903205,13.2989,0.0223051,0.0191015,1.16771,Geita
72390352B61326482335333,Mbogwe,2267.54,2287,2.33049,2.31031,0.00102776,0.00101902,0,0,1.16102,2.974,0.00131156,0,0,221231,221231,3893.02,217338,0.017597,97.5646,1.05342e-05,0.998594,0.979038,27.2676,0.000167391,0.00456404,0.0366761,Geita
72390352B96686223722654,Nyang'hwale,1606.72,1620,4.00478,3.97188,0.00249251,0.00247209,0,0,0.553928,3.96719,0.00246912,0,0,170322,170322,2407.81,167914,0.0141368,106.006,2.35131e-05,0.989431,0.973768,10.3455,0.00028765,0.00351376,0.0818639,Geita
72390352B92646008536074,Iringa,18779,19069,36.8666,36.2845,0.00196319,0.00193333,0,0,4.32334,38.3873,0.00204417,0,0,256859,254384,14182.5,240202,0.0557523,13.678,0.000143529,0.996854,0.955418,24.655,0.00264801,0.00529904,0.499715,Iringa
72390352B98765493528957,Iringa Urban,370.086,376,141.245,139.011,0.381654,0.375651,0,1.05541,7.29662,75.7818,0.204768,0,0,167329,167329,143359,23970.8,0.856745,452.137,0.000844112,0.873636,0.450406,2.70504,0.0101452,0.00345204,2.93889,Iringa
72390352B38467377597679,Kilolo,9236.85,9386,25.509,25.1103,0.00276165,0.00271777,0,0,2.16366,27.5624,0.00298396,0,0,223177,222833,21038.1,201795,0.0944122,24.1616,0.000114299,0.996249,0.927939,17.4613,0.00183223,0.00460418,0.397948,Iringa
72390352B55502751216619,Mafinga Township Authority,573.922,584,46.8036,46.0032,0.0815505,0.0801432,0,0.125177,3.6127,46.1962,0.0804922,0,0,54298,54298,38793.5,15504.4,0.714456,94.6086,0.000861977,0.93846,0.529902,4.10695,0.00336175,0.00112018,3.00109,Iringa
72390352B52349151211707,Mufindi,7503.3,7638,50.7572,49.8423,0.00676465,0.00664535,0,0,10.5263,35.3531,0.00471168,0.981807,0.00013085,275075,275075,13374.8,261700,0.0486224,36.6605,0.000184521,0.994806,0.971835,22.2469,0.00364572,0.00567484,0.642436,Iringa
72390352B49618457772181,Biharamulo,7461.03,7520,73.0071,72.4108,0.00978511,0.00970839,0,0,12.4861,44.6372,0.00598271,0.991756,0.000132925,342266,342262,26991.5,315271,0.078862,45.8737,0.000213305,0.997064,0.957005,22.4474,0.00524386,0.007061,0.742651,Kagera
72390352B68293795880239,Bukoba,1612.62,1624,15.3539,15.2464,0.0095211,0.0094544,0,0,3.43879,11.9158,0.00738908,0,0,300140,300139,13225.9,286913,0.0440659,186.119,5.1156e-05,0.994126,0.969996,13.6425,0.00110282,0.00619194,0.178106,Kagera
72390352B77165247512892,Bukoba Urban,82.4228,83,69.7828,69.2973,0.846645,0.840757,0.34691,2.68795,4.96101,47.6659,0.57831,0,0,134575,134575,124601,9974.05,0.925885,1632.75,0.000518541,0.66772,0.353883,1.40143,0.00501227,0.00277631,1.80537,Kagera
72390352B65686612592635,Karagwe,5130.96,5168,22.0985,21.9428,0.00430689,0.00427602,0,0,2.56319,26.8097,0.00522509,0,0,353981,353968,31055.2,322913,0.0877344,68.9892,6.24285e-05,0.995288,0.935726,15.4171,0.00158726,0.00730268,0.217353,Kagera
72390352B12398012816015,Kyerwa,2506.49,2524,1.73629,1.72423,0.000692718,0.000687913,0,0,0.574216,2.97908,0.00118855,0,0,328877,328876,2010.68,326865,0.00611378,131.21,5.27945e-06,0.998067,0.991506,22.1194,0.000124712,0.0067848,0.0183811,Kagera
72390352B46245922571369,Missenyi,2833.34,2853,47.3397,47.0133,0.0167081,0.016593,0,0,9.15267,37.7375,0.0133191,0,0,212265,212265,28189.9,184075,0.132805,74.9169,0.000223022,0.991181,0.935627,13.5983,0.00340026,0.00437906,0.776481,Kagera
72390352B90711717616381,Muleba,3502.42,3528,27.5422,27.3445,0.00786376,0.00780673,0,0,3.69794,28.7924,0.00822073,0,0,558735,558735,34538.3,524196,0.0618152,159.528,4.92938e-05,0.993125,0.960543,13.8941,0.00197826,0.0115268,0.171623,Kagera
72390352B68533256720623,Ngara,3311.13,3337,15.7931,15.672,0.00476969,0.00473271,0,0,1.54424,17.862,0.00539453,0,0,336402,336402,21395.3,315007,0.0636003,101.598,4.69469e-05,0.993294,0.94818,12.4777,0.00113436,0.00694004,0.163452,Kagera
72390352B10041948883658,Micheweni,235.518,238,4.56637,4.51894,0.0193886,0.0191864,0,0.0304286,0.639655,5.93777,0.0252115,0,0,101222,101222,9336.84,91885.4,0.092241,429.786,4.51123e-05,0.936958,0.841424,3.81324,0.000327987,0.00208823,0.157065,North Pemba
72390352B34611789685005,Wete,291.866,295,9.62743,9.52556,0.0329858,0.0326353,0,0.0357565,1.39919,11.8731,0.0406798,0,0,101445,101445,30774.7,70670,0.303364,347.573,9.49032e-05,0.948314,0.752285,4.44156,0.000691507,0.00209282,0.330418,North Pemba
72390352B77186952625716,Kaskazini A,231.22,234,50.9451,50.3437,0.220331,0.217714,0,0.312815,7.08338,29.6446,0.12821,0,0,105038,105038,25744.9,79293.1,0.245101,454.277,0.000485016,0.915495,0.857042,4.04583,0.00365922,0.00216695,1.68865,Zanzibar North
72390352B15073652071238,Kaskazini B,233.146,236,26.994,26.6671,0.115782,0.114382,0,0.148082,4.81704,21.7333,0.0932175,0,0,90282.7,90282.7,16374.6,73908.1,0.18137,387.237,0.000298994,0.93791,0.873803,4.19852,0.00193889,0.00186255,1.04099,Zanzibar North
72390352B12905062635487,Mlele,29594.6,29996,8.10827,8.00248,0.000273978,0.000270312,0,0,2.80121,7.8956,0.000266792,0,0,310890,305521,928.846,304593,0.0030402,10.5049,2.60808e-05,0.999805,0.997817,74.8526,0.00058239,0.00641371,0.090804,Katavi
72390352B28587760392267,Mpanda,16949,17156,0.813499,0.803407,4.79969e-05,4.74177e-05,0,0,0.350577,1.97523,0.00011654,0,0,197638,197224,9.33486,197215,4.73311e-05,11.6607,4.11611e-06,0.999817,0.999941,72.8878,5.8431e-05,0.0040773,0.0143308,Katavi
72390352B31642859672055,Mpanda Urban,317.845,322,25.3414,25.0176,0.0797288,0.0786999,0,0.10578,2.85942,23.6932,0.0745434,0,0,112646,112646,74913.1,37733,0.665031,354.406,0.000224965,0.940372,0.499007,3.91549,0.00182019,0.00232391,0.783245,Katavi
72390352B43433883631580,Buhigwe,1510.2,1525,0,0,0,0,0,0,0,0,0,0,0,271159,271159,0,271159,0,179.552,0,,,,0,0.00559406,0,Kigoma
72390352B1364689767312,Kakonko,2215.5,2234,0,0,0,0,0,0,0,0,0,0,0,178658,178658,0,178658,0,80.6397,0,,,,0,0.00368574,0,Kigoma
72390352B21750015500578,Kasulu,7202.89,7274,0,0,0,0,0,0,0,0,0,0,0,457955,457955,0,457955,0,63.5793,0,,,,0,0.00944768,0,Kigoma
72390352B60593007856017,Kasulu Township Authority,909.925,919,20.258,20.0585,0.0222633,0.0220435,0,0,2.2989,22.7737,0.0250281,0,0,223715,223715,70064.1,153651,0.313185,245.861,9.05526e-05,0.979767,0.790111,7.13259,0.00145506,0.00461527,0.315271,Kigoma
72390352B58332556482444,Kibondo,13399.8,13526,9.96375,9.87731,0.000743573,0.000736637,0,0,1.9259,12.8877,0.000961783,0,0,281325,278704,23362.2,255342,0.0838243,20.9947,3.54172e-05,0.999247,0.943789,36.7447,0.000715664,0.00580378,0.12331,Kigoma
72390352B30674118715659,Kigoma,970.139,980,5.21684,5.16347,0.00537742,0.00532331,0,0,0.823773,5.9386,0.0061214,0,0,226448,226448,8506.75,217942,0.037566,233.419,2.30377e-05,0.985567,0.948854,8.28339,0.000374709,0.00467167,0.0802088,Kigoma
72390352B17759889395693,Kigoma  Urban,90.0615,91,85.9258,85.0404,0.954079,0.94424,0.346771,3.18119,4.72376,54.4337,0.604405,0,0,224306,224306,206707,17598.8,0.921541,2490.59,0.000383074,0.652702,0.407656,1.31476,0.00617177,0.00462748,1.33372,Kigoma
72390352B15676475935925,Uvinza,10048.7,10164,2.80678,2.7754,0.000279317,0.000276149,0,0,0.616196,2.9663,0.000295191,0,0,408526,408522,280.177,408242,0.00068583,40.6545,6.87051e-06,0.998947,0.994752,31.2241,0.000201602,0.00842797,0.0239206,Kigoma
72390352B77483544974211,Hai,909.361,917,96.9346,96.123,0.106596,0.105708,0,0.283565,8.52926,95.1961,0.104685,0,0,228373,228373,69587.2,158786,0.304708,251.136,0.000424456,0.921627,0.804462,4.38183,0.00696249,0.00471138,1.4778,Kilimanjaro
72390352B4446234130359,Moshi,1347.56,1359,129.794,128.699,0.0963179,0.095507,0,0.302215,8.23967,148.737,0.110375,0,0,491140,491140,124842,366298,0.254188,364.466,0.000264271,0.90981,0.806144,4.18908,0.00932268,0.0101323,0.920095,Kilimanjaro
72390352B76512132105243,Moshi Urban,62.4716,63,136.41,135.265,2.18355,2.16523,1.86547,4.28628,6.10752,62.4716,1,0,0,195108,195108,195108,0,1,3123.15,0.00069915,0.326447,0.278103,0.625528,0.00979786,0.00402511,2.43419,Kilimanjaro
72390352B15719315121224,Mwanga,1964.56,1982,37.8406,37.5101,0.0192617,0.0190921,0,0,1.39007,60.4672,0.0307791,0,0,136814,136812,23982.2,112830,0.175293,69.6409,0.000276585,0.959458,0.831175,4.85218,0.00271797,0.00282249,0.96297,Kilimanjaro
72390352B49231532539034,Rombo,1466.96,1479,14.4113,14.2929,0.00982392,0.00974394,0,0,1.21217,18.8441,0.0128457,0,0,257477,257477,17683.5,239793,0.0686798,175.518,5.59711e-05,0.980474,0.911359,7.10966,0.00103512,0.0053118,0.194871,Kilimanjaro
72390352B83063272545753,Same,6216.1,6275,37.9673,37.6092,0.0061079,0.00605056,0,0,2.74443,45.5644,0.00733006,0,0,289624,289623,32747.5,256876,0.113069,46.5926,0.000131092,0.989966,0.905901,11.0987,0.00272707,0.00597499,0.456414,Kilimanjaro
72390352B52159147893976,Siha,1214.06,1224,8.68904,8.61747,0.00715701,0.00709889,0,0,0.888466,10.9093,0.0089858,0,0,122227,122227,10799,111428,0.0883522,100.676,7.10894e-05,0.987041,0.903133,8.47689,0.000624105,0.00252156,0.247507,Kilimanjaro
72390352B74660811526984,Chake Chake,220.578,223,14.6554,14.4966,0.066441,0.0657194,0,0.166765,1.86243,17.8049,0.0807191,0,0,99236.8,99236.8,28821.2,70415.7,0.290428,449.894,0.000147681,0.90334,0.757325,3.16469,0.00105265,0.00204727,0.514173,South Pemba
72390352B13842693360807,Mkoani,254.155,257,4.72268,4.67053,0.0185819,0.0183762,0,0,1.73752,3.95581,0.0155645,0,0,92734.3,92734.3,6069.36,86664.9,0.0654489,364.873,5.0927e-05,0.972861,0.930079,6.92447,0.000339215,0.00191312,0.177309,South Pemba
72390352B68738670078554,Kati,516.495,523,23.7319,23.4369,0.0459479,0.0453764,0,0.132028,1.42385,32.59,0.0630984,0,0,80785.6,80785.6,11762.1,69023.5,0.145596,156.411,0.000293764,0.917071,0.829844,3.33116,0.00170458,0.00166662,1.02278,Zanzibar South & Central
72390352B36829534131483,Kusini,374.162,379,14.5671,14.3824,0.0389325,0.0384355,0,0.0350303,3.95108,15.7968,0.0422192,0,0,38199.4,38199.4,6827.11,31372.3,0.178723,102.093,0.000381343,0.954318,0.826227,6.06157,0.0010463,0.00078806,1.3277,Zanzibar South & Central
72390352B7880721655308,Kilwa,14998.8,15293,27.8842,27.3838,0.0018591,0.00182333,0,0,3.8224,28.4776,0.00189866,0,0,188166,186206,10913.3,175293,0.0586088,12.5454,0.00014819,0.998254,0.95776,26.9179,0.00200283,0.00388189,0.515942,Lindi
72390352B7713188541433,Lindi,5969.4,6103,5.90473,5.772,0.000989167,0.000967513,0,0,0.971794,6.84159,0.00114611,0,0,195779,195779,5714.03,190065,0.0291862,32.7972,3.01601e-05,0.997394,0.94911,20.6005,0.000424118,0.00403896,0.105007,Lindi
72390352B58883595926721,Lindi Urban,1063.46,1087,23.9373,23.4159,0.0225088,0.0220214,0,0,3.31064,23.4768,0.0220759,0,0,73162.3,73161.9,33838.1,39323.8,0.46251,68.7964,0.00032718,0.979973,0.690575,7.74604,0.00171934,0.00150935,1.13912,Lindi
72390352B80391364217442,Liwale,34291.5,34988,2.50557,2.45244,7.30666e-05,7.16122e-05,0,0,0.625023,4.89396,0.000142716,0,0,96654.8,91111.3,8387.8,82723.4,0.0920611,2.81862,2.59228e-05,0.999818,0.91629,72.7241,0.000179967,0.00199401,0.0902539,Lindi
72390352B76457855664867,Nachingwea,5970.72,6111,13.5508,13.2401,0.00226954,0.00221744,0,0,1.77496,12.7021,0.0021274,0,0,183536,183532,22340.9,161191,0.121727,30.7393,7.38319e-05,0.997343,0.899578,19.6679,0.00097331,0.00378638,0.257056,Lindi
72390352B35310074637090,Ruangwa,2524.37,2581,5.20448,5.09006,0.00206169,0.00201646,0,0,1.04727,5.86809,0.00232457,0,0,132911,132911,5377.77,127533,0.0404615,52.651,3.91577e-05,0.99692,0.955098,17.6854,0.000373821,0.00274197,0.136333,Lindi
72390352B12207219772126,Babati,5555.19,5607,19.3259,19.1491,0.00347889,0.00344674,0,0,1.34974,24.7711,0.0044591,0,0,341078,341072,12056.1,329016,0.0353478,61.3981,5.66612e-05,0.992556,0.957236,11.9823,0.00138812,0.0070365,0.197274,Manyara
72390352B90089128995390,Babati UrbanBabati Urban,473.526,478,34.4785,34.1551,0.0728123,0.0721308,0,0.0457257,2.99083,38.6339,0.0815878,0,0,101539,101539,48407,53131.6,0.476735,214.431,0.000339561,0.942486,0.675187,4.0251,0.00247648,0.00209476,1.18223,Manyara
72390352B73734578830609,Hanang,3671.68,3708,9.41191,9.32038,0.00256338,0.00253827,0,0,1.39447,11.8835,0.00323654,0,0,302782,302782,13475.6,289306,0.0445059,82.4643,3.10847e-05,0.992629,0.950734,13.0619,0.000676027,0.00624645,0.108226,Manyara
72390352B80776151350042,Kiteto,13131.1,13275,18.9596,18.7509,0.00144388,0.00142822,0,0,1.49857,23.7352,0.00180756,0,0,281163,280815,21360.3,259455,0.0760654,21.4121,6.74328e-05,0.997738,0.936027,21.2935,0.00136181,0.00580045,0.234776,Manyara
72390352B2366371930573,Mbulu,3806.2,3841,19.3986,19.2224,0.00509657,0.0050504,0,0,1.5333,24.7732,0.00650863,0,0,349820,349818,25399.7,324419,0.0726083,91.9079,5.5453e-05,0.993145,0.938911,12.061,0.00139334,0.00721685,0.193067,Manyara
72390352B2790991966076,Simanjiro,19823.1,20014,38.4538,38.1187,0.00193985,0.00192135,0,0,3.14003,41.6303,0.00210009,0,0,193813,191795,34402.8,157392,0.179373,9.77711,0.000198407,0.998214,0.87123,24.1614,0.00276201,0.0039984,0.69078,Manyara
72390352B35806479810351,Bunda,3099.14,3122,39.4068,39.1182,0.0127154,0.0126223,0,0,2.78482,36.7289,0.0118513,0,0,356504,356504,59456.2,297048,0.166776,115.033,0.000110537,0.990117,0.876722,10.0383,0.00283046,0.00735475,0.384848,Mara
72390352B35299561044003,Butiam,2173.41,2189,12.2908,12.2032,0.00565508,0.0056148,0,0,1.34579,15.8861,0.00730929,0,0,258934,258934,9083.05,249851,0.0350786,119.137,4.74668e-05,0.987308,0.958317,9.30937,0.000882807,0.00534186,0.165262,Mara
72390352B7456768278221,Musoma,1069.23,1077,2.28605,2.26962,0.00213803,0.00212261,0,0,1.0837,3.97126,0.00371412,0,0,185972,185972,499.758,185472,0.00268728,173.931,1.22924e-05,0.997124,0.997897,18.2831,0.0001642,0.00383664,0.0427978,Mara
72390352B68648514157418,Musoma Urban,64.5422,65,58.4193,58.0081,0.905133,0.898758,0.551032,2.6607,3.53085,39.7184,0.615387,0,0,139431,139431,125725,13705.4,0.901705,2160.3,0.000418984,0.599729,0.344066,1.13413,0.00419607,0.00287648,1.45875,Mara
72390352B17164070988815,Rorya,2003.97,2018,5.6741,5.63471,0.00283143,0.00281174,0,0,0.680662,7.94449,0.00396438,0,0,274590,274590,4761.12,269829,0.017339,137.023,2.06639e-05,0.992756,0.976381,11.3269,0.000407552,0.00566484,0.0719441,Mara
72390352B48676394939092,Serengeti,11152.9,11235,18.9072,18.7702,0.00169527,0.00168288,0,0,1.57445,21.8409,0.00195832,0,0,276374,274966,18450.4,256515,0.0671006,24.7804,6.84117e-05,0.997404,0.948072,20.0614,0.00135804,0.00570163,0.238184,Mara
72390352B9041864776563,Tarime,1539.17,1550,297.143,295.06,0.193054,0.191705,0,0,42.6114,101.286,0.0658055,6.95088,0.00451599,353482,353481,90441.2,263039,0.255859,229.657,0.000840618,0.977176,0.906797,9.36971,0.0213428,0.00729239,2.92673,Mara
72390352B92011686492741,Chunya,17498.3,17778,36.7174,36.0739,0.00209834,0.00206533,0,0,2.49956,37.335,0.00213363,0,0,173566,169962,19960,150002,0.117438,9.91898,0.000211548,0.996942,0.921719,21.1676,0.00263729,0.00358069,0.736533,Mbeya
72390352B41643980878870,Kyela,757.226,773,17.6795,17.3166,0.0233477,0.0228713,0,0,1.92091,18.6097,0.0245762,0,0,237427,237427,57345.9,180081,0.241531,313.549,7.44627e-05,0.97355,0.808556,6.12612,0.00126986,0.00489817,0.259252,Mbeya
72390352B36245556910711,Mbarali,14432.1,14683,45.141,44.3176,0.00312782,0.00307437,0,0,2.32266,53.0134,0.0036733,0,0,321114,319223,63308.4,255915,0.19832,22.25,0.000140576,0.996105,0.850102,16.5643,0.00324233,0.00662464,0.489435,Mbeya
72390352B82808491826054,Mbeya,2816.23,2870,64.5337,63.3246,0.0229149,0.0224856,0,0,10.632,46.1203,0.0163766,0.981233,0.000348421,322234,322234,69908.2,252326,0.216948,114.421,0.000200269,0.986147,0.867305,11.6637,0.00463524,0.00664775,0.697265,Mbeya
72390352B25057310038558,Mbeya Urban,253.19,258,230.259,225.956,0.909432,0.892476,0.180901,2.83647,7.66833,117.758,0.465097,0,0,428071,428071,394128,33943.6,0.920706,1690.72,0.000537898,0.744944,0.438893,1.71301,0.0165387,0.00883119,1.87276,Mbeya
72390352B86695961679763,Rungwe,2152.07,2195,21.5296,21.1085,0.0100041,0.00980847,0,0,1.50734,29.4127,0.0136672,0,0,349389,349389,41670.9,307718,0.119268,162.35,6.16207e-05,0.980226,0.889886,7.19055,0.0015464,0.00720795,0.214541,Mbeya
72390352B70436774950451,Magharibi,215.288,218,231.096,228.214,1.07342,1.06007,0.409493,2.93175,12.1851,118.507,0.550455,0.987459,0.00458668,437462,437462,406929,30532.8,0.930205,2031.98,0.000528264,0.680842,0.354999,1.52576,0.0165988,0.00902492,1.83922,Zanzibar Urban/West
72390352B88201413510937,Mjini,15.8009,16,72.9415,72.0338,4.61629,4.55885,4.14909,6.42322,9.17754,15.8009,1,0,0,227102,227102,227102,0,1,14372.7,0.000321184,0.193402,0.149281,0.367846,0.00523915,0.00468515,1.11825,Zanzibar Urban/West
72390352B71030681800047,Gairo,1975.95,2001,9.98291,9.85911,0.00505221,0.00498896,0,0,1.81467,10.8634,0.00549782,0,0,207333,207333,15969.9,191363,0.0770255,104.928,4.81493e-05,0.992063,0.928354,11.9428,0.00071704,0.00427731,0.167638,Morogoro
72390352B25590445201102,Kilombero,13547.5,13787,90.4835,88.9966,0.00667899,0.00656296,0,0,4.05251,87.5274,0.00646079,0,0,438103,436768,79694.3,357074,0.182464,32.3383,0.000206535,0.994338,0.872698,14.2164,0.00649913,0.00903814,0.719079,Morogoro
72390352B53131574128845,Kilosa,11771,11939,67.6859,66.6969,0.00575022,0.00566931,0,0,5.17368,72.9344,0.0061961,0,0,474174,474168,67869.5,406298,0.143134,40.2832,0.000142745,0.99413,0.916245,16.1833,0.00486166,0.0097823,0.496985,Morogoro
72390352B24110633153516,Morogoro,12429.6,12613,38.7356,38.2081,0.00311639,0.00307108,0,0,2.18936,51.2922,0.00412661,0,0,296530,295222,13839.3,281383,0.0468775,23.8567,0.000130629,0.995858,0.964944,16.2196,0.00278225,0.00611747,0.454804,Morogoro
72390352B88942039906388,Morogoro Urban,289.991,294,260.035,256.477,0.896703,0.884474,0.135145,2.91171,8.14655,134.14,0.462568,0,0,341622,341622,306583,35039.4,0.897432,1178.05,0.000761178,0.739582,0.403109,1.64366,0.0186775,0.00704773,2.65014,Morogoro
72390352B62121337619186,Mvomero,6635.62,6724,33.37,32.9336,0.00502892,0.00496282,0,0,1.70249,43.4257,0.00654434,0,0,334514,334514,29214,305300,0.0873326,50.4119,9.97565e-05,0.990991,0.920426,10.9356,0.00239686,0.00690109,0.347316,Morogoro
72390352B93515871634078,Ulanga,23446.7,23903,14.0787,13.8274,0.000600454,0.000588992,0,0,1.6404,15.7152,0.00067025,0,0,294142,289997,7482.61,282515,0.0258024,12.5451,4.78636e-05,0.999299,0.979598,38.0796,0.00101123,0.00606819,0.166644,Morogoro
72390352B56058142056871,Masasi,3998.43,4098,7.57764,7.40067,0.00189515,0.00184911,0,0,1.06988,8.79027,0.00219843,0,0,257587,257587,12495.4,245091,0.0485097,64.422,2.94178e-05,0.99525,0.948845,15.4959,0.000544277,0.00531406,0.102422,Mtwara
72390352B27431607141265,Masasi  Township Authority,754.394,773,31.7065,30.9439,0.0420291,0.0410175,0,0,3.5459,22.4473,0.0297553,0,0,106413,106413,35077.3,71336.1,0.329632,141.058,0.000297956,0.979855,0.765128,6.83738,0.00227738,0.00219533,1.03737,Mtwara
72390352B92435052932896,Mtwara,3689.08,3777,145.108,141.819,0.0393346,0.038419,0,0,26.1559,43.9786,0.0119213,2.93185,0.000794738,224668,224666,7927.12,216739,0.035284,60.901,0.000645878,0.995027,0.98653,18.0792,0.0104227,0.00463495,2.24871,Mtwara
72390352B87015028421250,Mtwara Urban,171.021,175,186.7,182.474,1.09168,1.06686,0,2.09486,35.7542,53.7526,0.314305,2.93213,0.0171449,111979,111979,94694.1,17284.8,0.845642,654.768,0.00166728,0.892578,0.604947,3.82759,0.0134101,0.00231014,5.80487,Mtwara
72390352B85678020314776,Nanyumbu,5201.39,5335,4.63747,4.52151,0.000891582,0.000869253,0,0,0.688353,7.79908,0.00149942,0,0,157028,157028,7093.52,149935,0.0451735,30.1897,2.95327e-05,0.998196,0.957686,22.4871,0.000333094,0.00323952,0.102822,Mtwara
72390352B96178710336492,Newala,1956.82,2005,12.8039,12.4874,0.00654321,0.00638598,0,0,1.61816,13.6541,0.00697772,0,0,212472,212472,20558.9,191913,0.0967604,108.58,6.02614e-05,0.992481,0.918534,11.6026,0.000919661,0.00438334,0.209808,Mtwara
72390352B76468761426294,Tandahimba,2051.51,2102,9.16555,8.94352,0.00446771,0.0043604,0,0,0.946152,12.6849,0.00618319,0,0,235225,235225,16470.5,218754,0.07002,114.659,3.89651e-05,0.991796,0.93622,10.8522,0.000658332,0.00485273,0.135662,Mtwara
72390352B90588253427027,Ilemela,256.038,258,228.584,226.839,0.892774,0.885984,0,3.01081,12.6159,98.2448,0.383712,0.992401,0.003876,348363,348363,290508,57855.2,0.833923,1360.59,0.000656166,0.792695,0.409748,1.94795,0.0164184,0.00718679,2.28453,Mwanza
72390352B45509194301574,Kwimba,3250.43,3277,15.1593,15.0373,0.00466379,0.00462597,0,0,2.11905,17.8558,0.00549336,0,0,402629,402629,18855.9,383773,0.046832,123.87,3.76508e-05,0.993603,0.962163,13.7731,0.00108884,0.0083063,0.131086,Mwanza
72390352B80484439449184,Magu,1516.19,1528,28.8122,28.5907,0.019003,0.0188561,0,0,1.80912,37.7079,0.0248701,0,0,297093,297093,52855,244238,0.177907,195.946,9.69804e-05,0.97288,0.861702,6.12256,0.00206948,0.00612908,0.33765,Mwanza
72390352B3687042598615,Misungwi,2585.15,2606,25.8895,25.6862,0.0100147,0.00993458,0,0,1.7493,28.7726,0.01113,0,0,385613,385613,26849.7,358763,0.0696286,149.165,6.71386e-05,0.985087,0.938477,8.42013,0.00185956,0.00795527,0.233752,Mwanza
72390352B17873975087440,Nyamagana,187.544,189,269.45,267.381,1.43673,1.42566,0.579013,4.19456,15.6427,112.13,0.597889,2.977,0.0158736,435465,435465,405032,30433.5,0.930113,2321.94,0.000618764,0.681934,0.420406,1.5404,0.0193537,0.00898373,2.15431,Mwanza
72390352B95612948822264,Sengerema,3153.48,3178,32.8212,32.5671,0.0104079,0.0103276,0,0,3.16606,33.7367,0.0106983,0,0,700164,700164,68209.5,631954,0.0974193,222.029,4.68764e-05,0.990349,0.932744,10.7937,0.00235744,0.0144445,0.163207,Mwanza
72390352B65036310172855,Ukerewe,625.402,630,3.93465,3.90574,0.0062914,0.00624548,0,0,1.03352,5.95591,0.00952334,0,0,343681,343681,21466.1,322215,0.0624593,549.536,1.14486e-05,0.987853,0.942368,9.14935,0.000282613,0.0070902,0.0398597,Mwanza
72390352B43391507115191,Ludewa,5952.23,6085,5.50605,5.38482,0.000925039,0.000904856,0,0,1.16393,6.84542,0.00115006,0,0,134450,134139,4148.86,129990,0.0309296,22.5881,4.09525e-05,0.998617,0.973999,26.976,0.000395482,0.00277372,0.142582,Njombe
72390352B34261430797900,Makambako Township Authority,878.302,895,37.3372,36.6455,0.0425107,0.0417176,0,0,4.12493,34.3517,0.0391115,0,0,97277.4,97277.4,52307.5,44970,0.537714,110.756,0.000383822,0.97299,0.663865,6.2942,0.00268181,0.00200685,1.33633,Njombe
72390352B51873582002434,Makete,3997.32,4077,5.2741,5.17165,0.00131941,0.00129362,0,0,0.5682,10.7866,0.00269846,0,0,96831.1,96831.1,3720,93111.1,0.0384175,24.224,5.44671e-05,0.996249,0.959181,15.8438,0.000378822,0.00199764,0.189634,Njombe
72390352B62498272724852,Njombe,3456.11,3525,2.34734,2.30194,0.000679187,0.000665913,0,0,0.542666,1.96139,0.000567513,0,0,89242.7,89231.4,1590.54,87640.9,0.0178248,25.8217,2.63029e-05,0.9973,0.963431,20.8929,0.000168602,0.00184109,0.0915772,Njombe
72390352B92677179016540,Njombe Urban,3527.68,3601,38.4828,37.7194,0.0109088,0.0106867,0,0,3.47661,39.2057,0.0111137,0,0,135519,135519,42162.7,93356.6,0.31112,38.416,0.000283966,0.990862,0.790779,10.866,0.0027641,0.00279579,0.988665,Njombe
72390352B33528420406675,Wanging'ombe,3445.11,3512,5.15597,5.05837,0.0014966,0.0014681,0,0,1.12121,3.92419,0.00113906,0,0,167040,167039,5489.84,161550,0.0328655,48.4861,3.08666e-05,0.995302,0.965087,17.4274,0.000370336,0.00344607,0.107466,Njombe
72390352B29680200356010,Bagamoyo,8467.89,8577,161.319,159.202,0.0190507,0.0188084,0,0,4.45995,179.607,0.0212103,0,0,335333,335326,83118.5,252208,0.247874,39.6006,0.000481072,0.979426,0.852586,8.07104,0.0115871,0.00691798,1.67492,Pwani
72390352B76192804660906,Kibaha,1510.98,1532,23.1643,22.8508,0.0153307,0.0151203,0,0,3.85045,24.6617,0.0163217,0,0,79727,79727,14709.7,65017.3,0.184501,52.7651,0.000290546,0.981342,0.885797,8.79272,0.00166382,0.00164478,1.01157,Pwani
72390352B56720706839933,Kibaha Urban,704.389,714,167.218,164.945,0.237394,0.234199,0,0.732823,5.78657,127.248,0.180651,0,0,142813,142813,107030,35783.8,0.749437,202.748,0.00117088,0.882988,0.509505,2.82345,0.0120107,0.00294627,4.07659,Pwani
72390352B52983476562666,Kisarawe,5026.75,5101,43.7126,43.1105,0.00869599,0.00856941,0,0,2.79866,47.338,0.00941721,0,0,105047,104917,14169.8,90747.6,0.135057,20.8976,0.000416124,0.9929,0.903251,11.5808,0.00313973,0.00216714,1.44879,Pwani
72390352B74532147136856,Mafia,630.712,641,9.2692,9.12044,0.0146964,0.0144605,0,0,1.02612,13.7757,0.0218414,0,0,43914.8,43911.9,10339.1,33572.8,0.23545,69.6273,0.000211072,0.976417,0.794972,6.2497,0.000665777,0.00090597,0.734877,Pwani
72390352B89793068246762,Mkuranga,2836.73,2879,110.183,108.626,0.0388415,0.0382711,0,0,8.75024,84.7845,0.0298882,0,0,248336,248336,60902.9,187433,0.245244,87.5432,0.000443683,0.980647,0.849941,8.19729,0.00791405,0.00512322,1.54474,Pwani
72390352B25336426084217,Rufiji,12737,12947,19.0203,18.7148,0.00149331,0.00146909,0,0,1.87384,20.6617,0.00162218,0,0,211743,210516,18619,191897,0.0884446,16.6242,8.98276e-05,0.99751,0.913445,21.3561,0.00136617,0.00436829,0.312747,Pwani
72390352B91916326383066,Kalambo,5574.7,5675,0.513956,0.505172,9.21944e-05,9.0565e-05,0,0,0.253886,0.982914,0.000176317,0,0,227196,227196,1196.78,225999,0.00526762,40.7549,2.26217e-06,0.999479,0.990179,43.0082,3.69158e-05,0.0046871,0.00787605,Rukwa
72390352B34861075189695,Nkasi,9824.1,9977,5.1954,5.11646,0.000528842,0.000520738,0,0,1.09284,5.90881,0.00060146,0,0,304955,304955,3710.07,301244,0.012166,31.0415,1.70366e-05,0.999039,0.986805,32.559,0.000373169,0.00629127,0.0593154,Rukwa
72390352B27717411944051,Sumbawanga,5144.41,5233,5.26315,5.17323,0.00102308,0.00100576,0,0,2.02926,3.93143,0.000764214,0,0,336308,336298,2220.01,334078,0.0066013,65.3736,1.56498e-05,0.999227,0.995038,36.7272,0.000378035,0.0069381,0.0544868,Rukwa
72390352B60773938386935,Sumbawanga Urban,1372.24,1395,61.8244,60.8186,0.0450536,0.0443186,0,0,4.41942,44.2675,0.0322592,0,0,233088,233088,113243,119844,0.48584,169.859,0.000265241,0.979474,0.692193,6.97426,0.00444065,0.00480864,0.923472,Rukwa
72390352B96762734199587,Mbinga,4845.76,4966,28.2472,27.5514,0.00582927,0.00568812,0,0,2.74932,28.2899,0.00583808,0,0,376101,376101,35779.8,340321,0.0951334,77.6144,7.51055e-05,0.995567,0.931401,15.0241,0.00202891,0.00775902,0.26149,Ruvuma
72390352B4837835329020,Namtumbo,21750.5,22281,6.57962,6.42424,0.000302504,0.000295302,0,0,1.07007,8.78775,0.000404025,0,0,209597,206610,1152.54,205457,0.00557836,9.63643,3.13917e-05,0.999145,0.979419,37.988,0.000472593,0.00432403,0.109294,Ruvuma
72390352B51604936414420,Nyasa,3051.34,3132,0,0,0,0,0,0,0,0,0,0,0,155009,155006,0,155006,0,50.8004,0,,,,0,0.00319786,0,Ruvuma
72390352B68324313293973,Songea,14039.2,14372,11.6515,11.3762,0.000829929,0.000810711,0,0,1.89459,12.691,0.000903969,0,0,176680,175568,6902.49,168665,0.0393153,12.5848,6.59472e-05,0.999158,0.96687,35.529,0.000836892,0.00364494,0.229604,Ruvuma
72390352B83796809810419,Songea Urban,580.833,595,81.0188,79.0862,0.139487,0.136166,0,0.288286,5.44775,61.4976,0.105878,0,0,232512,232512,170907,61605.4,0.735045,400.308,0.00034845,0.92695,0.530045,3.68804,0.00581931,0.00479677,1.21317,Ruvuma
72390352B58168894275482,Tunduru,18402.7,18871,26.7171,26.0495,0.0014518,0.00141578,0,0,2.79991,24.3755,0.00132456,0,0,312038,310752,31986,278766,0.102931,16.9561,8.56212e-05,0.998935,0.928328,31.2201,0.001919,0.0064374,0.298102,Ruvuma
72390352B22692962057204,Kahama,6753.07,6814,124.077,123.041,0.0183734,0.0182091,0,0,21.547,46.6038,0.00690113,1.98347,0.000293714,564418,564418,31940.5,532478,0.0565901,83.5795,0.000219832,0.99694,0.977169,23.1157,0.00891204,0.011644,0.765374,Shinyanga
72390352B16659808480234,Kahama Township Authority,1369.66,1382,250.364,248.129,0.182792,0.181161,0,0.0481021,25.2748,95.143,0.0694646,4.95534,0.00361793,262352,262352,134291,128061,0.511872,191.545,0.000954304,0.969207,0.720501,6.55416,0.0179828,0.00541237,3.32254,Shinyanga
72390352B32869277898143,Kishapu,4176.11,4213,110.494,109.547,0.0264587,0.026227,0,0,11.4144,52.5451,0.0125823,1.98286,0.000474812,283916,283916,20968.2,262948,0.0738535,67.9858,0.00038918,0.993494,0.965823,14.0109,0.00793645,0.00585723,1.35498,Shinyanga
72390352B3732768371218,Shinyanga,3572.69,3604,10.2057,10.1175,0.0028566,0.00283178,0,0,0.686099,11.8966,0.00332989,0,0,353689,353689,6039.03,347650,0.0170744,98.998,2.88551e-05,0.991283,0.968916,10.796,0.000733044,0.00729666,0.100463,Shinyanga
72390352B93356288072561,Shinyanga Urban,555.139,560,128.812,127.689,0.232035,0.230021,0,0.468898,8.29103,79.3031,0.142853,0,0,171230,171230,113444,57785.4,0.662527,308.445,0.000752275,0.913724,0.592956,3.49573,0.00925213,0.0035325,2.61915,Shinyanga
72390352B92057106188413,Bariadi,5491.41,5534,27.8386,27.6205,0.00506949,0.00503047,0,0,2.69903,27.7805,0.00505891,0,0,481757,481757,43081.3,438676,0.0894252,87.7293,5.77856e-05,0.994429,0.936161,14.8667,0.00199956,0.00993874,0.201188,Simiyu
72390352B70559618037175,Busega,1324.91,1335,5.32325,5.28341,0.00401782,0.00398745,0,0,0.813304,8.93254,0.00674199,0,0,227216,227216,11787.4,215428,0.0518778,171.495,2.34282e-05,0.990239,0.944634,10.1462,0.000382352,0.0046875,0.0815684,Simiyu
72390352B56378812232391,Itilima,4680.62,4718,0.279783,0.277553,5.97747e-05,5.93011e-05,0,0,0.164894,0,0,0,0,357530,357530,0,357530,0,76.3852,7.82543e-07,0.999542,0.996071,45.6648,2.00959e-05,0.00737591,0.00272453,Simiyu
72390352B27931879401730,Maswa,3666.41,3697,14.9968,14.8732,0.00409033,0.00405648,0,0,1.61776,15.8682,0.00432799,0,0,358143,358143,17058.9,341084,0.0476315,97.6823,4.18738e-05,0.993988,0.956151,13.6825,0.00107717,0.00738855,0.145789,Simiyu
72390352B64411652351957,Meatu,9030.6,9108,9.03671,8.95947,0.00100068,0.000992173,0,0,1.86697,7.93143,0.000878283,0,0,319426,319426,6605.3,312821,0.0206787,35.3715,2.82904e-05,0.998703,0.980871,29.1464,0.000649078,0.00658982,0.098497,Simiyu
72390352B5494870713744,Ikungi,8851.44,8947,7.55719,7.47737,0.00085378,0.000844661,0,0,1.03167,6.92618,0.000782492,0,0,293085,293085,5342.96,287743,0.01823,33.1116,2.57849e-05,0.99737,0.972285,20.9869,0.000542808,0.0060464,0.0897737,Singida
72390352B66961871173396,Iramba,4520.85,4565,21.8258,21.6178,0.00482782,0.00478112,0,0,2.3104,24.7619,0.00547726,0,0,246544,246543,11311.1,235232,0.0458785,54.5348,8.85272e-05,0.992229,0.956072,12.2992,0.00156768,0.00508624,0.30822,Singida
72390352B73180368039512,Manyoni,28927.7,29307,47.6288,47.0727,0.00164648,0.00162517,0,0,2.94213,42.4964,0.00146906,0,0,332514,328399,43082,285317,0.131188,11.4947,0.000143239,0.998717,0.914876,29.9827,0.00342102,0.00685981,0.498705,Singida
72390352B53166842903656,Mkalama,3115.55,3145,4.27071,4.22923,0.00137078,0.00135794,0,0,0.75192,5.94153,0.00190706,0,0,194739,194739,4282.07,190457,0.0219888,62.5056,2.19305e-05,0.995374,0.972708,15.1961,0.000306751,0.0040175,0.0763538,Singida
72390352B6504298719524,Singida,2400.6,2425,4.55525,4.51029,0.00189754,0.00187845,0,0,0.734207,4.9506,0.00206223,0,0,241757,241757,4232.41,237525,0.0175069,100.707,1.88422e-05,0.993223,0.968107,12.6331,0.000327189,0.0049875,0.0656018,Singida
72390352B67063144918279,Singida Urban,717.588,725,140.409,138.976,0.195667,0.193667,0,0.185311,7.8549,65.3269,0.0910368,0,0,162509,162509,94173.2,68335.4,0.579497,226.465,0.000864007,0.949646,0.616162,4.40201,0.0100851,0.00335258,3.00816,Singida
72390352B17520994539919,Ileje,1880.47,1919,4.27787,4.19187,0.00227489,0.00222922,0,0,1.02022,4.8995,0.00260547,0,0,129544,129544,4269.39,125274,0.0329571,68.889,3.30226e-05,0.993604,0.962246,13.5026,0.000307266,0.00267251,0.114973,Mbeya
72390352B44769786141856,Mbozi,3854.13,3928,33.3512,32.7128,0.00865336,0.00849063,0,0,2.64172,26.4826,0.00687123,0,0,497059,497059,71633.5,425425,0.144115,128.968,6.70971e-05,0.993061,0.895634,12.5553,0.00239551,0.0102544,0.233608,Mbeya
72390352B95240342657452,Momba,4706.5,4795,8.81338,8.64037,0.0018726,0.00183804,0,0,1.68883,8.82327,0.0018747,0,0,220267,220266,11385.3,208880,0.051689,46.8005,4.00123e-05,0.998036,0.960614,22.5837,0.000633036,0.00454414,0.139308,Mbeya
72390352B69788666323478,Songwe,11165.5,11345,40.8578,40.1525,0.00365929,0.00360139,0,0,7.99504,20.6372,0.00184831,0,0,147333,144564,7919.71,136644,0.0547835,13.1954,0.000277315,0.998824,0.968745,34.474,0.00293468,0.00303951,0.965511,Mbeya
72390352B1593050996578,Tunduma,87.2424,89,63.3165,62.0657,0.725753,0.711421,0,2.80553,10.0457,26.4671,0.303375,0.980195,0.0112353,99712.2,99712.2,80942.2,18770,0.811758,1142.93,0.000634992,0.839359,0.482678,2.33929,0.00454781,0.00205708,2.21081,Mbeya
72390352B54001884070734,Igunga,7060.88,7129,22.3278,22.1166,0.00316218,0.00313196,0,0,3.2278,20.8016,0.00294603,0,0,426225,426225,25460.9,400764,0.0597359,60.3643,5.23849e-05,0.995108,0.956168,19.1018,0.00160373,0.0087931,0.182385,Tabora
72390352B29601163251764,Kaliua,15332.4,15494,22.7616,22.5232,0.00148455,0.00146906,0,0,4.39035,17.8114,0.00116169,0,0,450380,450111,12920.1,437191,0.0287042,29.3745,5.05388e-05,0.998877,0.978672,34.2055,0.00163489,0.00929142,0.175958,Tabora
72390352B4567455644907,Nzega,7854.76,7931,59.417,58.8617,0.00756446,0.00749174,0,0,4.31267,46.559,0.00592749,0,0,532487,532487,54963.8,477523,0.103221,67.7916,0.000111584,0.994775,0.935755,15.0752,0.00426773,0.0109853,0.388495,Tabora
72390352B96655451787370,Sikonge,26298.4,26624,7.8535,7.76261,0.000298631,0.000294978,0,0,1.32075,9.88395,0.000375839,0,0,197618,192828,10806.7,182021,0.0560433,7.51448,3.97407e-05,0.999439,0.953623,44.6728,0.000564092,0.0040769,0.138363,Tabora
72390352B61754038708822,Tabora Urban,1465.5,1481,133.204,131.805,0.0908931,0.089942,0,0,6.06087,76.1909,0.0519896,0,0,240575,240575,163298,77276.9,0.678782,164.158,0.000553691,0.966805,0.533078,5.33188,0.00956762,0.0049631,1.92775,Tabora
72390352B58709749757029,Urambo,5417.24,5477,18.6407,18.4432,0.003441,0.00340346,0,0,2.20511,18.7987,0.00347016,0,0,222109,222109,30379.7,191729,0.136778,41.0003,8.39262e-05,0.995923,0.898936,16.8084,0.0013389,0.00458214,0.292201,Tabora
72390352B28683809474818,Uyui,11979.2,12108,1.66115,1.6435,0.00013867,0.000137194,0,0,0.467607,1.97876,0.000165183,0,0,441312,441309,2323.13,438986,0.00526418,36.84,3.76411e-06,0.999351,0.991947,44.0387,0.000119315,0.00910435,0.0131053,Tabora
72390352B54290670955979,Handeni,6541.69,6617,9.95359,9.84193,0.00152156,0.00150424,0,0,0.875703,10.8766,0.00166266,0,0,309000,309000,14255.9,294744,0.0461355,47.2355,3.22123e-05,0.996158,0.951293,16.8892,0.000714934,0.00637472,0.112151,Tanga
72390352B73978463558570,Handeni Mji,836.503,846,13.7062,13.5536,0.0163851,0.0162012,0,0,1.92235,14.8331,0.0177323,0,0,87715.5,87715.5,25421.4,62294.1,0.289816,104.86,0.000156257,0.984322,0.771242,7.8978,0.000984471,0.00180959,0.544031,Tanga
72390352B98761165374808,Kilindi,6419.63,6493,4.36439,4.3152,0.000679851,0.000672169,0,0,0.625891,5.93211,0.000924058,0,0,273433,273419,3813.14,269606,0.0139461,42.5932,1.59615e-05,0.998195,0.979746,23.0039,0.00031348,0.00564096,0.0555721,Tanga
72390352B3133588656991,Korogwe,3200.5,3234,48.3492,47.8437,0.0151068,0.0149503,0,0,4.13644,45.5183,0.0142223,0,0,254749,254749,27740.6,227009,0.108894,79.5968,0.000189791,0.979713,0.908827,8.81997,0.00347277,0.00525552,0.660784,Tanga
72390352B41893572728253,Korogwe Township Authority,222.588,225,27.5984,27.3027,0.123989,0.12266,0,0.412953,2.31944,31.6571,0.142223,0,0,72513.9,72513.9,45245.1,27268.8,0.62395,325.777,0.000380594,0.875522,0.559388,2.71613,0.0019823,0.00149598,1.32509,Tanga
72390352B30242417713864,Lushoto,4092.38,4133,22.1845,21.9594,0.00542093,0.00536765,0,0,1.4966,27.7159,0.00677257,0,0,515244,515226,22525.6,492700,0.0437198,125.903,4.30563e-05,0.988974,0.951615,10.0154,0.00159344,0.0106296,0.149906,Tanga
72390352B38372573514065,Mkinga,2702.41,2730,13.8763,13.7362,0.00513478,0.00508289,0,0,2.37946,14.848,0.00549435,0,0,114906,114906,6214.14,108692,0.0540803,42.5197,0.000120762,0.99097,0.946306,12.7198,0.000996689,0.00237053,0.42045,Tanga
72390352B38576032693201,Muheza,1496.73,1513,33.2648,32.9067,0.0222249,0.021986,0,0,2.95059,38.5796,0.0257759,0,0,213411,213411,43304.8,170107,0.202917,142.585,0.000155872,0.973752,0.866412,6.9096,0.0023893,0.00440272,0.542688,Tanga
72390352B29030119078393,Pangani,1758.67,1779,6.79722,6.72083,0.00386498,0.00382081,0,0,1.52107,7.91001,0.00449773,0,0,55700.3,55700.3,6651.65,49048.7,0.119419,31.6719,0.000122032,0.991658,0.897413,12.3819,0.000488222,0.00114911,0.424871,Tanga
72390352B10610893489740,Tanga Urban,597.568,604,252.269,249.592,0.42216,0.417664,0,1.07313,9.44461,113.779,0.190403,0,0,270006,270006,227639,42367.3,0.843087,451.841,0.00093431,0.90094,0.435069,3.07878,0.0181197,0.00557027,3.25293,Tanga
